real,prediction_class,probability
1,0,0.48377037908961723
1,1,0.5998566696621666
0,1,0.8572812479828648
1,1,0.6425057843835345
0,1,0.5270378262121187
0,1,0.9083246429523688
0,0,0.19521931555999852
1,1,0.8945296807923026
1,1,0.9666410531785582
1,1,0.9413346918719963
1,0,0.486160698140661
0,0,0.18393446150961368
1,1,0.8970542710577203
0,0,0.1880948848968539
1,1,0.7484276279245535
0,0,0.35387514614627036
0,0,0.31564883479181105
1,1,0.9916267753968089
0,0,0.10381453936210552
0,1,0.6821193485071305
1,1,0.61341476758667
1,1,0.5383587065612732
1,1,0.8020559557549999
1,1,0.5779690030492073
1,1,0.926946473532727
0,0,0.036075515509559314
0,0,0.12289250523408896
0,0,0.19219329279331332
1,1,0.5927166318569486
0,0,0.0220927518632459
1,0,0.4111216161071717
0,0,0.3991701640662388
0,0,0.32975513485255
0,0,0.3878699434885293
0,0,0.08328004838489635
1,1,0.8189946630657349
0,0,0.2227452657786652
1,0,0.4169044892061379
0,0,0.12751971584499475
1,1,0.8320758307139914
1,1,0.654445259463902
0,0,0.30341071168707734
1,1,0.9536000341846557
0,0,0.4734678683722214
0,1,0.5186608852227942
1,1,0.7271178283963458
1,1,0.9922728152276733
0,0,0.11337992734525432
1,1,0.7642621435988783
0,0,0.028380301889431487
0,0,0.13594285827927186
0,0,0.3840454633664395
0,0,0.3072560821896398
1,1,0.8213836812807971
0,0,0.4924587190935393
1,1,0.6254029327596851
0,0,0.031097461739243153
0,0,0.09815142211102244
0,0,0.14838137477265426
0,0,0.12212152344813637
0,0,0.23498866512728245
1,1,0.8202091709817318
0,0,0.061923260907091826
0,0,0.13014513134423888
1,1,0.9730867490311357
1,0,0.463394095694139
1,1,0.9652655425465432
0,0,0.1783037528654021
0,0,0.04768886099334195
0,0,0.28429937245611214
1,0,0.4573997753298845
1,1,0.8464304740382427
1,0,0.49532645172596473
1,1,0.9478894908023602
0,1,0.522902364527049
0,1,0.9875129035591086
0,0,0.34585935354616243
1,1,0.9208376420996431
1,1,0.9500022345592914
1,1,0.9171246698037329
0,0,0.3699543363630641
0,0,0.05619178924063886
0,0,0.23708539276096868
1,1,0.8064938151475612
0,0,0.0492695277144312
1,0,0.49267543175210954
1,0,0.3712603865862188
1,1,0.9785827614009343
0,1,0.9099326618222287
1,1,0.7084764103279558
1,0,0.358229703221732
0,0,0.021955391097053082
0,0,0.08582652908308792
0,0,0.09242461003413624
1,0,0.2439836932157292
0,0,0.3247677304318538
0,0,0.16559245837438694
0,0,0.1911657585281021
0,0,0.3187437728189737
1,1,0.7292466420745369
1,1,0.8959424671890857
0,1,0.8825566102542309
0,0,0.007098302335932888
1,0,0.12833052693493274
1,1,0.7825248388959035
1,1,0.9761983245277881
0,0,0.13221571638645116
0,0,0.22693663427608823
0,1,0.9983325226883755
0,0,0.36616696457365
1,1,0.9965149249199017
1,1,0.7610690308432971
0,0,0.3599179255936033
0,0,0.3458528099657945
1,1,0.5482877538570021
1,1,0.9597224943835553
0,0,0.0013467671232305681
0,1,0.6086565475579157
1,0,0.34172467048162597
1,0,0.14637289460475483
0,0,0.11269820277810245
1,1,0.7528881905614635
1,1,0.9491085927626072
0,0,0.16474557863970243
0,1,0.8838325644593924
0,0,0.1553676637160711
1,1,0.9923543942250516
1,1,0.9108417095929103
1,1,0.6942235639991651
0,0,0.4762315609024112
0,0,0.12016132249075616
0,0,0.02103092185324305
0,1,0.8303708118141494
1,1,0.6752001270224577
0,0,0.27710136160446747
0,0,0.1679276319319857
1,1,0.9164996659567848
1,1,0.9539868690916159
1,1,0.6850732740051853
1,0,0.11858554883643287
1,1,0.8345321497178861
0,0,0.12084486845373826
0,0,0.027821800545285675
0,0,0.4374734992005423
1,1,0.8971233849087222
1,1,0.7008373043545874
1,1,0.9376575410746457
1,1,0.9278853685243844
0,0,0.025079630949086534
1,0,0.4137734883447391
1,1,0.5169728900084016
0,0,0.23201677661369918
1,1,0.5657874178458294
0,0,0.3417122766351179
1,1,0.6013415404888036
1,1,0.5965407208584194
0,0,0.033851931305541406
1,0,0.3329534012533784
0,0,0.2935247398709753
1,1,0.8640656786514401
1,1,0.9244182421413966
1,1,0.8242782609756497
0,0,0.0417659550363517
1,0,0.45200294364585963
0,0,0.3280225401929015
0,1,0.7061885951185591
1,1,0.5973324197105874
1,1,0.7867465976592093
0,1,0.57515226942425
1,1,0.9176358483807092
0,0,0.12162747194877811
0,0,0.05905974728310749
0,0,0.07425620376801308
0,0,0.45875352487738225
1,1,0.6411342230334145
0,0,0.44311323312950907
0,1,0.7511821955910252
1,0,0.10502580468232577
0,0,0.08894005447610127
0,0,0.45083818996656044
1,1,0.8988752273201436
1,1,0.5516262553655085
0,0,0.08455820573997745
1,1,0.7341074177955393
1,1,0.9631885989720936
1,1,0.9875201133710763
0,1,0.6969446296247481
1,0,0.357125775029718
0,0,0.03420487075359333
0,0,0.39880909456694774
0,0,0.24719239279744173
1,1,0.7415267663826964
0,0,0.40277882366086104
0,0,0.12909955875366427
0,0,0.3721827959166414
1,1,0.7286315120890088
0,1,0.9769565250171556
1,0,0.21446809943799672
1,0,0.4067898484585546
0,0,0.44208087879529806
0,0,0.09743358837682821
1,1,0.8038163146541799
1,1,0.9504122493250634
0,0,0.31459700062131274
0,0,0.06076474285441904
1,1,0.5894473768069545
1,1,0.8918575153343538
0,1,0.8257768922200681
0,1,0.7525476357048827
0,0,0.09406779851980211
0,0,0.3383845040034692
0,0,0.012473732263753357
0,0,0.05347341733085975
1,1,0.8284218000857048
0,0,0.22835540730581633
0,0,0.37783264663338384
0,0,0.11937335921091212
0,0,0.4724944075533853
1,1,0.8417621988267607
0,0,0.03836714320632275
0,0,0.43954808731912726
0,0,0.2918005229266268
0,0,0.16755552083929456
1,1,0.979349683290375
1,1,0.5522471846145619
0,1,0.7032480843724093
1,0,0.3578334476894992
1,1,0.9714668147036828
0,0,0.44383322365572936
1,1,0.7861833454614077
0,0,0.44736862274110994
0,0,0.1855519061129251
1,0,0.41483584455240075
1,1,0.9317552491367337
1,1,0.8114200002481665
0,1,0.692887908055022
0,0,0.23395697291307066
0,0,0.0761086386004548
0,0,0.3267322713945541
1,1,0.6550580855298689
1,1,0.9855338541802066
0,0,0.011062912713014976
1,1,0.9589890496612552
0,0,0.10050798703722973
0,0,0.2823404608117776
0,0,0.4868458485651539
0,1,0.7629658129847975
0,0,0.07782855739422713
0,1,0.5603765452998003
1,1,0.9373745231407675
0,0,0.11091245487632187
1,1,0.6874135564082668
1,1,0.7730513851737078
1,1,0.7956828877412507
1,0,0.21861818276452905
0,1,0.6814607779991652
1,1,0.9555613302852208
0,1,0.8999594126285065
0,0,0.20764874759301954
1,1,0.5589261416779123
0,0,0.39236935850888927
1,1,0.5988815329604683
0,0,0.13418944834653312
0,0,0.10811587413791945
0,0,0.14631261486122502
0,1,0.5901867865034266
0,0,0.42331669529039495
1,1,0.7735791984056083
0,0,0.2728863747157682
0,1,0.580503155857898
1,1,0.906119339479328
1,1,0.8785673846505199
1,1,0.8535359117575189
0,1,0.5028824369425376
1,0,0.44314795093224363
1,1,0.6816231030816469
0,0,0.24260483481683293
0,0,0.04523162476139987
0,1,0.6435886674452309
1,0,0.444630492594012
0,0,0.3106401652419248
0,1,0.6388383645195024
0,1,0.8919753107073307
1,1,0.7213595950899047
0,0,0.21127512555608952
1,1,0.6948136483389912
0,0,0.08696110192070944
1,1,0.9177543047869295
0,0,0.15058245338206544
1,1,0.9965846253082589
0,0,0.37518670606049753
1,1,0.6439578290217308
1,1,0.7114005965212689
1,0,0.4494483317153209
0,0,0.15348752608606742
0,0,0.2818170845628105
1,1,0.9183094505264561
1,1,0.883992007712049
0,0,0.17169251456253093
1,0,0.35903278377425124
0,1,0.8727186905009079
0,0,0.01660021957543511
1,1,0.8143928314936985
0,0,0.09089152644029848
0,0,0.014406775460069443
1,1,0.6672847456571963
1,1,0.8753897506790281
0,0,0.20421256597974916
1,1,0.6913835870911333
1,0,0.4502017520127825
1,1,0.9349269830063951
1,1,0.7686446770258542
1,1,0.9892273791079641
1,0,0.4890317598300784
0,0,0.13525288710537053
0,0,0.20328740518664953
0,0,0.21322367285755692
0,1,0.785095414575678
1,1,0.9884885906808496
1,1,0.7839037859124767
0,1,0.7495500738909319
1,1,0.8560136952214276
0,0,0.13466512770311947
0,0,0.07260146776769863
0,0,0.05095434927547669
0,1,0.5543228745292769
0,0,0.15069563071409395
1,1,0.7604088373746849
0,0,0.10385046775803113
0,0,0.1399971394348847
1,1,0.9226210246371304
0,0,0.13808335937963148
1,1,0.5052483788525308
1,1,0.9977864647149511
0,0,0.08857285905079808
1,1,0.8128273306316847
1,0,0.43341013179257004
0,0,0.35133200443551077
0,1,0.6375593738981374
0,1,0.7511922937526766
0,0,0.13144804669409046
1,1,0.594708156291849
1,1,0.7452491090908162
0,1,0.6727019701536747
0,1,0.5398147060868113
1,1,0.960424397603589
0,0,0.2697237301753734
1,1,0.713858558744865
0,1,0.9555778823169049
0,0,0.2204045584637114
0,0,0.061838224255984654
1,0,0.4743424652191405
1,1,0.9966606269668558
0,0,0.21038925645913933
1,1,0.842676006538875
0,0,0.1967608593993413
1,1,0.9218627223371172
0,1,0.9678798965672745
1,1,0.891029255381134
0,0,0.40776802391596756
1,1,0.9164810925550567
1,1,0.9206123368840603
0,0,0.21862102178783518
1,1,0.7479359973186914
1,1,0.9270921528537702
1,1,0.9137716811447897
1,0,0.4104759582087996
0,0,0.18316054376859445
1,1,0.7234410971943918
0,0,0.2274564514292028
1,1,0.8083487563659273
0,0,0.4466962658893117
1,0,0.43806695148623886
1,1,0.6562742893095049
0,0,0.19959641184960084
1,1,0.762368666482597
0,0,0.3438484391074139
1,1,0.968176582202325
1,1,0.7893578308575437
1,1,0.9332961108518149
1,1,0.5512670165439433
1,0,0.28154921994543824
1,0,0.4718336777146516
0,0,0.15448950775897702
1,1,0.8444574555220727
1,1,0.9914167354501252
0,1,0.517217192828901
0,0,0.06940863813334568
1,0,0.3616547110654672
1,1,0.8984195049409348
0,0,0.03543309136428349
1,1,0.9777716635911683
1,1,0.7982430411116931
1,1,0.9634063054335414
0,0,0.01248251669183349
0,0,0.18718914984218932
0,0,0.21246355672587722
1,1,0.7790635593659666
1,1,0.9279229533116787
0,0,0.163193412037099
0,0,0.2852957848877575
0,0,0.3210232102185018
0,0,0.397773602754918
1,1,0.8154681765882362
0,0,0.47631635933840305
0,0,0.3117700390991502
1,1,0.7239370888564681
0,0,0.11701339333608402
1,1,0.7141271126510746
1,1,0.8987586485970422
0,0,0.11917828287795397
0,0,0.03963898941993014
1,1,0.8635741938895896
1,1,0.892460089187624
0,0,0.2013870729758571
1,0,0.4821868109217328
0,0,0.2493045086263674
0,0,0.19791468693497372
1,0,0.48005172626116394
1,1,0.9575982365480907
0,0,0.030560437343085615
0,0,0.3764661412114456
0,0,0.0646031628666551
1,0,0.3210646078245268
1,1,0.9727742332613507
1,1,0.5993156697637637
0,0,0.42515049902220814
0,0,0.2367482843250168
1,1,0.9639569592159241
0,0,0.09923558824666305
0,0,0.05786821373000043
1,1,0.8568073020136017
0,0,0.3321789512997263
0,1,0.6847333258580774
0,0,0.3146376428237564
1,1,0.8085471914171509
0,0,0.04336923088190149
0,0,0.2272918656318903
1,1,0.6337773531165587
1,1,0.9839289518161503
1,1,0.5929088029462631
1,1,0.9587923407483597
0,0,0.3338580757741524
0,0,0.03002114331662924
0,0,0.14615513055134483
1,1,0.5111827293822029
0,1,0.6244502091435726
1,1,0.8034135907335792
1,1,0.6512218585547295
1,1,0.7341385337635103
1,0,0.3923055719846627
1,1,0.7930005618390216
1,1,0.8656694339514466
0,0,0.08378980566549643
1,1,0.9659287364867244
1,1,0.9571429190302696
1,1,0.6719494705534902
0,1,0.6597684911161844
0,0,0.1972403661928087
0,0,0.03428426632902109
1,1,0.5890756521474458
0,0,0.4444578800679906
0,0,0.07978236987273817
0,0,0.2480278168426191
1,1,0.5498295846028111
1,1,0.8405908699181917
1,1,0.8182376528454822
0,0,0.41604916393693026
0,0,0.04141567577323035
0,0,0.18484503445535272
0,0,0.36637679767111586
0,0,0.2765434825453055
0,1,0.8345453957119126
0,0,0.4565114496251856
1,1,0.9421716317568981
1,1,0.9430299757201585
0,0,0.19301723854403513
1,1,0.6709221539825784
0,1,0.919337636100172
0,0,0.07335763219580022
1,1,0.6056315700243045
0,0,0.2908584659581031
0,1,0.633590293721267
1,0,0.3506846514917485
0,1,0.6105712482157377
1,0,0.19234059916618926
1,1,0.8178068608621347
0,0,0.077754746155545
0,0,0.024617480781420998
1,0,0.3645221746547314
1,1,0.8285815969414152
0,0,0.09916449654914275
0,1,0.9185968904248665
0,0,0.2104644811104483
0,0,0.3620868255338691
0,0,0.4544601979995812
0,0,0.25869671533479505
1,1,0.6409523311750571
0,1,0.7905066390126988
1,0,0.3998633540888392
0,0,0.38364437219006187
0,0,0.4409814843583764
0,1,0.8756836879799029
1,1,0.9257706459195643
0,0,0.07877107569863911
0,0,0.12452842990613519
1,0,0.3333265482734472
1,1,0.6660709473750824
1,0,0.33932608451432456
1,1,0.6358190548998252
1,1,0.9652579831713733
1,0,0.3437072056452101
1,1,0.5941370170707609
1,1,0.829246219273598
0,0,0.20787207685578024
1,1,0.7844047492609387
0,0,0.18375376706511182
0,1,0.9222478060200668
0,1,0.5120188318387311
1,1,0.5885799715794703
1,1,0.9470055298288116
1,1,0.9757817708546749
1,1,0.9319241994882298
0,0,0.1961205816135454
0,0,0.10783695214163279
1,0,0.45756848342088796
1,1,0.6119466120648676
0,0,0.3590832459614855
1,1,0.6438038233450718
1,1,0.7762313734181612
0,0,0.15319641736911574
1,0,0.43870704632785124
1,1,0.5656447448109274
0,0,0.05254970889580163
0,0,0.2831087178585522
0,0,0.16082834488133277
0,0,0.2905724443223956
1,1,0.8910524843811096
1,1,0.9434799248327318
0,0,0.46287640396824364
0,0,0.04497426470148978
1,1,0.5165609958214482
1,0,0.49477827098349547
1,1,0.8624368294409472
0,0,0.4489516350258475
1,1,0.9651507727352637
0,0,0.16036751020652498
0,0,0.03706874565129911
0,0,0.0052585706206748515
0,0,0.1936954843988957
0,0,0.12983130467637638
1,1,0.912497870468656
0,0,0.4215726462705268
1,1,0.9922275521822552
1,1,0.9784912081305195
0,0,0.3720170242228491
0,0,0.2929174573650019
1,1,0.8138271699387646
0,0,0.3026466402294466
1,0,0.3570161392911646
0,0,0.09176068711111657
0,0,0.3058278831063315
1,1,0.561962149992169
1,0,0.4928428731988453
0,0,0.18513179475787578
1,1,0.7211929928063264
1,0,0.4943073720068417
1,1,0.6204393006112622
0,1,0.7096307168464469
1,1,0.7428199446562658
1,1,0.7845206108963942
0,0,0.03649392375656905
1,1,0.7380191346496128
1,1,0.6754344237561064
0,0,0.06031207299240033
1,1,0.8193506200176077
1,1,0.8259925782441853
0,0,0.16210561653955874
1,1,0.6014686305308075
0,0,0.180281280276333
0,0,0.0495564392521805
0,0,0.06072312696463096
1,1,0.5518747369893746
0,0,0.3730912079151554
0,0,0.4526701158663087
0,0,0.016150806514349195
1,1,0.7850412303155538
1,0,0.4033607953228783
1,1,0.7620844842474612
1,0,0.47423485347981276
0,1,0.9336688609880738
0,1,0.5945309463061418
1,0,0.3818728803786461
0,0,0.09173460906497677
1,1,0.8541502652821844
1,1,0.9982644895717544
0,1,0.966497901592311
1,1,0.6987314308216868
0,0,0.255207490363997
0,0,0.10591986731553452
1,0,0.37156945656684215
0,0,0.05304209427292931
1,1,0.9864641028245045
0,0,0.4707298429213251
0,0,0.16866153331409842
1,1,0.6990450657139959
0,0,0.31898247855188644
1,0,0.20663133829272864
1,1,0.9638371649296662
1,1,0.5383789214817447
1,1,0.6216497404508938
1,1,0.5912338738305928
1,1,0.706113689666762
0,0,0.03365906813731796
1,1,0.5881136064822048
0,0,0.228673958804329
0,0,0.2210635411207146
0,0,0.027069365035304882
0,0,0.27166188422509435
0,0,0.28472644332211106
0,0,0.13800558958912879
0,0,0.43879032680288854
0,0,0.47876351105915127
0,0,0.4685816074353854
0,0,0.04170824273295563
0,0,0.3864988058221712
1,1,0.9561312649731736
1,1,0.6704066429278991
0,0,0.3442193519677522
0,1,0.6220850357983166
1,1,0.6028316478194334
0,1,0.5189244537154168
0,0,0.24988440013675514
1,1,0.7254554449830232
1,1,0.9739012990186525
0,1,0.5261242103658765
0,0,0.22824651694152948
0,0,0.23424809839352695
1,0,0.44176634039863827
1,1,0.9689642102700458
0,0,0.15383274247868525
0,0,0.052271432076258596
0,0,0.4169032768344778
0,0,0.19238174062206356
1,1,0.6243524658393587
1,1,0.9942087241744032
1,1,0.9808052208284492
1,0,0.4554316790908987
0,0,0.16474907489613336
0,0,0.21694620865038833
0,0,0.14534373916732624
0,0,0.10011768211559696
1,1,0.8728175292771824
0,0,0.08249224232022016
0,0,0.06647101369673726
0,0,0.020344862694794047
1,1,0.7197234788804211
1,1,0.8720434579607435
0,1,0.504814411285815
1,0,0.28153089450575336
1,1,0.5214930872289733
1,1,0.9151727129622409
0,0,0.047750055044059096
0,0,0.3955535691906632
1,1,0.9612254117548582
0,0,0.11827534289552094
0,0,0.4381754175875804
0,0,0.11381556962985924
0,0,0.13686622784733068
0,0,0.15403019919053423
1,1,0.7810104211037636
1,1,0.6072759021511939
1,0,0.2828513306487717
0,0,0.08176452378102085
1,1,0.6115069898780542
0,0,0.02070764546818187
1,1,0.6095088411885622
0,1,0.6770958598693801
1,1,0.9275308114544287
1,1,0.5589793513199792
1,1,0.9262301745360686
0,0,0.03575808474708345
0,0,0.03260020248563158
1,1,0.9116906680238539
1,1,0.8646207597857621
0,0,0.22377494890145247
0,0,0.11952768991228652
0,1,0.5767211964410995
0,0,0.11877846473947708
0,0,0.08476869592843946
0,0,0.04694336787524022
1,0,0.4756609234373411
1,1,0.9358036649037994
1,0,0.4605831781521706
1,1,0.5055447027426552
0,0,0.17494832701343888
0,0,0.25294184564037697
1,1,0.7786863111377833
0,0,0.1715518614834589
1,1,0.6307583860252214
1,1,0.9901936270133216
0,0,0.4605966684818702
1,1,0.971347178378911
0,0,0.036371058964199995
1,1,0.6072743653095313
0,0,0.2710169499121981
0,0,0.19730282209924788
1,1,0.7864901107007303
1,1,0.7395422158406088
1,0,0.18095051993469186
1,0,0.09526124003348597
0,0,0.2618724418098959
1,1,0.5702982763985285
0,1,0.915668044188744
1,1,0.987624145058258
1,1,0.9734442984321399
1,1,0.6431906257299123
1,1,0.5260570848454749
0,1,0.9775743032708414
0,0,0.4058989785233619
1,1,0.8981840860435931
1,1,0.9538228460249116
0,0,0.2941690137246367
1,0,0.05153129007834453
1,1,0.7949733409201625
1,0,0.49243411164859074
1,1,0.7364023841288704
0,1,0.6068531161409015
0,0,0.04960871026765156
1,1,0.6895254906978195
0,0,0.16578897567412065
1,1,0.9027261773705416
0,0,0.39370090068922986
0,0,0.34389180313984724
0,0,0.14336294814831732
1,1,0.5496066111995189
0,0,0.27185248780828314
0,1,0.8120731697062998
0,0,0.025660381728218336
1,1,0.9826731517135489
1,1,0.9694492531888007
1,1,0.9813570864272616
1,1,0.9981045489597244
0,0,0.022270982469490018
0,0,0.3957365601706258
0,0,0.42865899528537726
0,0,0.032716951231435434
0,0,0.09932739901430296
1,1,0.7173859623833948
1,1,0.9331048777314668
1,1,0.989334079660598
1,0,0.31193382887545174
1,0,0.17491423550176083
0,0,0.08289444088590885
1,0,0.2985431835031016
1,0,0.20489414858288582
1,1,0.6348042033700334
1,1,0.9492690884708652
0,0,0.08797780822692997
0,0,0.07725294215700192
1,1,0.7795231005606156
0,1,0.5555718333117735
1,1,0.979466555909087
0,0,0.08636873748092336
1,1,0.9999954346680134
0,0,0.3550512920689725
0,0,0.2713548590891359
1,1,0.7471287976988044
1,1,0.8194107459996018
1,1,0.5747087201473949
1,1,0.5633536611060644
0,0,0.07656842061486446
0,1,0.5381794730141563
1,1,0.9989550563236447
0,1,0.5567756579276345
0,0,0.3363462445940611
0,1,0.8299080549714908
0,1,0.5154491164663643
1,1,0.7069424128216996
0,1,0.5256487123777591
0,1,0.9608179902713805
0,0,0.27543024538098654
1,1,0.8406153083612202
0,0,0.09485408000314922
0,0,0.3070185062913426
0,0,0.13274670330171184
1,1,0.8101597579763988
1,1,0.9750291927468329
0,0,0.48324441579246663
0,0,0.17906288645701085
1,1,0.9755920223466836
0,0,0.15699483546561527
0,0,0.10843947067123633
1,1,0.5075892803751582
0,0,0.46501532047492267
0,0,0.13633866195085886
0,0,0.02602365348073174
1,1,0.9218244473213301
0,1,0.7445091705892437
1,1,0.9954808790515345
0,0,0.1677253931733972
0,0,0.23973361993839254
1,0,0.434735059605853
0,0,0.3107253334049747
0,1,0.6344304714179574
0,0,0.06857063861180458
1,0,0.19656216434643556
0,0,0.27594932278625567
1,0,0.48298742010536216
1,1,0.7594295773766346
1,1,0.9976745553484149
1,0,0.4126229324982242
1,1,0.9653833461996918
0,0,0.07372857582118757
0,0,0.06348752966461543
1,1,0.7058010931714357
0,0,0.018125570603225925
0,0,0.35033894688738215
0,0,0.11328758413005251
0,0,0.22490024082793267
0,0,0.013136814635043953
1,1,0.9196298047951248
1,1,0.7180078139739815
1,0,0.4590385704766948
0,0,0.10176681650381865
0,0,0.4422684192136565
0,0,0.2751934790812314
0,0,0.06620780914043022
1,1,0.9477455777975702
1,1,0.951170362496274
0,0,0.1655724291204015
0,1,0.9028912061954353
0,0,0.42580106600311574
0,0,0.4029732497017117
0,0,0.4898026676912507
0,1,0.6093372686044298
0,0,0.24745825538019872
0,1,0.9049016048637654
0,0,0.09539615818856162
0,0,0.1915035165872263
1,1,0.732515313827591
0,1,0.7773786364789281
0,0,0.06819251020193201
1,1,0.9764220002729874
1,1,0.5160591757701146
0,0,0.21822069995489654
0,0,0.12601184390562767
0,0,0.33037044325731263
0,0,0.05958069963745818
0,0,0.14226597999337218
0,0,0.364506467016886
0,0,0.19394293397307685
0,1,0.9802760061824685
1,1,0.6805647637641766
0,1,0.7899326354619608
1,1,0.8179627548884723
1,0,0.22500330811935965
0,0,0.1130707735833576
0,0,0.2758036322624814
0,0,0.15069324967260783
1,1,0.8723642233188796
0,0,0.4270964417464066
0,0,0.20802996680805938
0,1,0.5676093916689464
1,0,0.3900379551346828
1,1,0.8745196972012309
0,0,0.11540437798140014
1,0,0.490967786860981
0,0,0.07744561775526308
0,0,0.07855450621300436
0,0,0.3113050197932595
0,0,0.10313523335793828
0,0,0.22421869360385832
0,0,0.03645019326476089
1,1,0.5166732396207234
1,1,0.9456188534764195
1,1,0.6398883441842903
1,1,0.9935798370262029
1,0,0.4260674454687165
0,0,0.35137043140436897
1,1,0.8879420085527029
1,1,0.8552875080683947
1,1,0.6080724088505389
0,0,0.26798623369291824
1,1,0.7831342356871598
1,1,0.6423935151406094
1,0,0.4948094156488566
0,0,0.39874631624279283
0,0,0.14795762834011514
0,0,0.007217641433284277
0,0,0.182428792786146
0,1,0.8316602458921362
0,0,0.07299894231043712
0,0,0.3028507851280662
1,1,0.6199398299536146
0,0,0.1194384395371595
0,0,0.4539946631684464
0,0,0.1576102367168798
1,1,0.5498068857561547
0,0,0.06468743043982036
0,0,0.05103795970673352
1,1,0.8544482402087837
1,1,0.7565160434668838
0,0,0.30036731815727646
1,1,0.8178643978346138
0,0,0.06056580268702672
0,0,0.08301587777655199
0,0,0.46815698142257306
0,0,0.2293232939296602
1,1,0.7441614728180346
1,1,0.9968604626530962
1,1,0.9864552350071859
1,1,0.5434392032145157
0,0,0.07703580496206663
1,0,0.4028344121011845
1,1,0.6495117915503802
0,0,0.186682272286774
0,1,0.5813755640073521
0,0,0.057086979192701004
0,0,0.14317490316701847
1,1,0.9995241373704391
0,0,0.20542818014291434
1,1,0.9645535255210367
1,1,0.7666752216337871
1,1,0.9089231022538022
1,1,0.8014994007522906
1,1,0.5203512705308951
0,0,0.38243311270433644
1,1,0.9421563143340083
1,0,0.4664404204659263
1,1,0.6769264870599837
1,1,0.892366046625423
1,0,0.22514465736524567
0,0,0.18764666032775132
1,0,0.477021388359392
0,1,0.62264624028601
1,1,0.7597664007055951
0,1,0.8034797135348779
0,1,0.9327397863202662
1,1,0.9247291095554993
1,1,0.7908472126397074
0,1,0.6031380308364368
1,0,0.45953544446219735
0,1,0.5533544917880913
0,0,0.49424917141586855
0,0,0.16934844578041386
1,1,0.873880858082426
0,0,0.4817761227954803
1,1,0.897321409225408
0,0,0.06287538357278151
0,0,0.05361447225762722
0,0,0.3667639304049331
1,1,0.5499755798253849
0,0,0.24760786710276841
0,0,0.16971550921826575
1,1,0.8835503113066787
0,0,0.2785811724814545
1,0,0.3932825395012858
1,1,0.5975386401784298
1,1,0.654644218611504
0,0,0.1536912694466288
0,0,0.2782707305594554
0,1,0.7090847415397423
1,1,0.6566661932324205
0,0,0.050725824570268745
1,0,0.2726317591756911
0,0,0.39498248500672756
0,0,0.2553338880839765
0,0,0.18445786514794243
1,0,0.2627298042270727
0,0,0.2832237602448741
0,0,0.13489772979685946
1,1,0.9888509925555256
0,0,0.026644442598807334
1,1,0.8661818423198449
0,0,0.415001396153735
0,0,0.15653741237446053
0,0,0.07764620001544868
1,1,0.8576869190161607
1,1,0.6332168237952811
1,1,0.989830592192512
0,0,0.11188798390873084
0,0,0.10679197836502122
1,1,0.5910899199604123
1,1,0.9433778914394723
1,0,0.12444376553295812
0,0,0.13651576449168062
0,0,0.41067246312599004
1,0,0.4772084019097053
0,0,0.03168418993344482
1,1,0.9084277986727824
0,0,0.18564061293511727
0,1,0.6289036379529883
1,0,0.22480714370020627
0,0,0.03427064619001451
0,0,0.1063745687206678
1,1,0.9837261755194318
1,1,0.6336853255546643
0,0,0.3666028190604228
0,0,0.14906819991763523
1,1,0.7917874072991566
1,1,0.9174678614367772
1,0,0.08834745527055546
0,0,0.009786587411561277
0,0,0.37722546066291957
0,0,0.25282971316755865
0,0,0.12851249545811996
1,0,0.38014222708393336
1,1,0.8022325745776557
0,1,0.6698743736493866
0,0,0.10684224725408335
0,0,0.10306988921566237
0,0,0.10400664541972829
0,0,0.416818921553242
1,1,0.9841049585645912
0,0,0.0943793914208738
1,0,0.1696975578613553
1,0,0.3392770105571278
1,0,0.4846145799016127
1,0,0.4727132708599247
0,0,0.338581770127188
1,0,0.32798370563653706
1,0,0.35700170850859847
0,0,0.19891846622243103
0,0,0.04650996333681526
0,0,0.017979576462745138
0,0,0.038799882628629066
1,1,0.5902550447684295
1,0,0.3495562249804842
0,1,0.8161420394390742
1,1,0.5629650716259582
0,0,0.3236724653264539
0,0,0.24055785404024108
0,0,0.19517745258231733
1,0,0.15798388765406277
0,0,0.060210940165877115
1,0,0.3336635586902596
0,1,0.6667079938861623
0,0,0.3808692726812786
1,1,0.9993241223617272
0,0,0.3088931596875281
0,0,0.14161850948385965
0,0,0.06437864198978867
1,1,0.5185156294027418
1,1,0.554427233188243
0,0,0.13103294201416352
0,0,0.16421164079325065
1,1,0.52883206303176
1,1,0.8891957827216815
1,1,0.9989264191972373
1,0,0.31153229972329805
0,0,0.12346393290958478
1,1,0.679281012538532
0,1,0.6060210074605668
0,0,0.34917939566962625
1,1,0.867924436113018
0,1,0.8143581629721032
0,0,0.08571617284740965
1,1,0.840077834272663
1,1,0.8184913758505747
0,0,0.1975499339896822
1,0,0.4996115041694133
0,0,0.15957779017894663
1,1,0.7528909822043899
0,1,0.6063207475327455
0,0,0.018458331372622632
0,0,0.4897951350403891
0,1,0.9892135610180758
0,0,0.053682154757153565
1,0,0.2553507536181202
0,1,0.6529926105263998
0,0,0.0964348773978341
1,0,0.37294818228642
1,1,0.8337492228684743
0,0,0.3602055823400827
0,0,0.40734775925804095
0,0,0.259456293886923
0,0,0.2079484526824892
1,1,0.6568170258130342
0,0,0.4839881217836594
1,1,0.8454394399535946
1,1,0.6101931951689299
1,1,0.6598056464613793
0,0,0.27934948877560883
1,1,0.5324476973837512
1,1,0.5904072293145283
0,0,0.4453294223904915
1,1,0.5430100264152246
1,1,0.6857960816266512
0,0,0.27783689976624343
1,0,0.04727668155486072
1,1,0.9798903074030377
0,0,0.40567431442854024
1,0,0.47490700148023307
0,0,0.022868104661431195
1,1,0.6553459579035411
1,0,0.3359957366317589
1,1,0.8214990702094743
0,0,0.3564269397033225
1,1,0.5164188425549131
0,0,0.15161952237575524
0,0,0.1509294932168791
1,1,0.7942197175560064
0,0,0.02252999922774991
0,0,0.05885236871582075
1,1,0.9977772749397631
0,0,0.2768321170977815
1,1,0.6191330081766668
0,0,0.1147071983835643
0,1,0.6788171607473305
0,0,0.24251532375978582
0,0,0.1409120539773934
1,1,0.7703347703685723
1,1,0.6073515271373138
1,1,0.7331332611384702
0,0,0.04415148381545303
1,1,0.8115582649060873
1,1,0.8172617644227479
0,0,0.056920211334937104
0,0,0.2893712120214355
0,0,0.2763523006166848
0,1,0.7347830916596683
0,0,0.4220404344116483
1,1,0.8439622063711315
1,1,0.647959430796774
1,0,0.40297564229697386
1,1,0.6068972039897782
1,1,0.7312300380913647
0,0,0.028595274412744936
0,1,0.6263096360095862
1,1,0.7159546115724283
1,0,0.40161597246329594
0,0,0.31122999445547606
1,1,0.7077597164310088
1,1,0.7180652462965236
1,0,0.4386554492491936
1,0,0.19371089767977848
0,0,0.0834948414173098
0,0,0.09548085237558405
0,0,0.19118550214365018
0,0,0.3779833014319057
1,1,0.6031656592916457
0,0,0.02868831650182801
0,0,0.3240806371380653
0,0,0.16747672557525936
1,1,0.9555757185611741
0,0,0.4745826908062716
1,0,0.2538074167469826
1,1,0.7885843307444665
0,0,0.45445789896971317
0,0,0.27384951237640975
1,1,0.979956242536639
0,0,0.17553440225746963
0,0,0.015733614118552754
1,0,0.42080401779012355
0,0,0.08254725340429717
0,1,0.6047256401859429
0,0,0.3484190305945822
0,0,0.0436718685192057
1,1,0.7620449050552774
0,0,0.2339185881767436
1,1,0.622811188621817
1,1,0.7329748064960343
0,0,0.3245364922634428
0,1,0.7068850693226502
1,1,0.9905066138653027
1,1,0.680494560957242
0,0,0.3147275422805161
1,1,0.7182622255636646
1,1,0.5742565544501487
0,0,0.01726466352699282
1,1,0.5383471485925257
1,1,0.8952684170219846
1,1,0.8255877894236379
0,1,0.7164969194750364
1,1,0.9179728297243928
0,0,0.2367176086606653
0,1,0.5312305920213598
0,0,0.04347231906037808
0,1,0.9859042583039526
0,0,0.11766633752395192
1,0,0.33118235911401384
1,1,0.9928266157802794
1,1,0.8343692380336818
1,1,0.9803559142848244
1,1,0.9844781835477951
0,0,0.09966552558779974
0,0,0.3216999680033647
0,0,0.1434987401913221
0,0,0.2015048107650318
1,1,0.9996100779403956
1,0,0.48797561193833955
1,1,0.9849509905755142
0,0,0.17969171747748441
0,0,0.05607926316527454
1,1,0.7138149948821716
0,0,0.09516294047127315
0,0,0.15956624846258782
0,0,0.44149162371831424
0,0,0.0706853875179889
0,0,0.10568041529774044
1,0,0.32157780252263046
0,1,0.6230489436765527
1,1,0.8402652282363244
1,0,0.3927341022977715
0,1,0.8828571758047435
1,1,0.6137616272874631
0,0,0.06956497631837806
0,0,0.10570696453697485
0,1,0.5555543427525044
1,1,0.9567476128704807
0,0,0.3840531011387304
1,1,0.9969245105578574
0,1,0.6481885097978412
1,0,0.2919404185333651
1,1,0.8830704636773081
0,0,0.12175868262390807
1,1,0.8346156626046048
0,0,0.1969115363254898
1,0,0.39690118622131415
0,0,0.4956704645964724
0,0,0.18046477300912528
1,0,0.4062496545554105
1,0,0.3915082446486077
0,0,0.3267372249930631
0,0,0.07363430185125368
1,1,0.6781573838091304
0,0,0.15401360164922703
0,0,0.03894790205478983
0,0,0.15099993271858014
0,0,0.17896716523243317
0,0,0.0417657103557371
0,0,0.12375147872657773
0,1,0.6959223769433056
1,1,0.9884063954318711
1,1,0.9045285844466938
0,1,0.9920251837711012
0,0,0.08768581172967246
1,1,0.9400654260918967
1,0,0.43103096217009523
1,1,0.9975897919824446
0,0,0.20079225169689702
1,0,0.30227903466420664
1,1,0.8160047146137416
1,1,0.991211047766273
1,0,0.4568800049797778
0,0,0.03403013702991095
0,1,0.5115991319386901
0,1,0.7037583957081179
0,1,0.7050107052270607
1,0,0.414066576322405
1,0,0.3418248672933008
1,1,0.686094445946627
0,0,0.04106818127591173
0,0,0.05826035853933501
1,1,0.6881568126291244
0,0,0.2791664530068639
1,1,0.7855554589426319
0,0,0.05713474326870856
1,1,0.9693641925865826
0,1,0.7752689561842621
1,1,0.9971655563092704
1,0,0.15093124917099865
1,1,0.805783668898266
0,1,0.511109456713861
0,1,0.8308036538446169
1,1,0.7438121485908311
0,0,0.06145629555153941
0,1,0.51316287607932
0,0,0.0707036700074525
1,1,0.9011579182032157
0,0,0.19679630573655799
0,0,0.15551815127479032
0,0,0.4672631421619944
1,0,0.4724151345353514
1,1,0.9870443312278846
1,1,0.6761716174764791
0,0,0.1159199095607662
1,1,0.5039669715151682
1,1,0.8528078819955589
1,1,0.8138102515789308
1,1,0.9956429310098572
0,0,0.14559182500670356
0,0,0.3490597680153487
1,0,0.23746528478430962
1,1,0.7757386886605293
0,0,0.37865764025272197
1,1,0.8322688073831115
1,1,0.896220452700755
0,0,0.11932659040374292
1,1,0.7428527092671547
0,1,0.8603675305739618
1,1,0.6851089409292878
1,0,0.31317469656481794
1,1,0.737344664596029
1,1,0.9919250304460799
0,0,0.16825401093836623
0,0,0.3489292989377095
0,0,0.21697498931437353
1,1,0.539855840052467
1,0,0.3019626793615096
0,0,0.024269732789157485
1,1,0.7933692149222895
0,0,0.4806868896922338
1,1,0.9556386400868484
1,1,0.7062307565803841
0,0,0.06367382188317432
0,0,0.19367903847415888
0,1,0.5536448758989041
0,0,0.3377899423215217
0,1,0.7473907969909404
1,0,0.1876127670581419
1,0,0.06741439281507945
0,0,0.4995683225810074
1,1,0.7865488056004133
0,0,0.39450287441209286
1,1,0.5267475252917556
1,1,0.5839402269685499
0,0,0.19641863555323896
1,1,0.9935426824004671
0,0,0.33207375860885685
1,1,0.9514044163612668
0,0,0.06103958604035681
1,1,0.5110216276642809
0,0,0.17453476796335338
1,0,0.42051407390710077
0,0,0.07148306791934961
0,0,0.3476341768099287
0,1,0.6407223264478752
1,1,0.9804462480272655
0,0,0.28894323288693785
1,1,0.9119417983842159
0,0,0.056953035923590335
1,1,0.813862093968122
1,1,0.5986189753676657
0,0,0.23888945525268968
0,1,0.8244683349590042
1,1,0.9945281388304996
0,0,0.02180987959183899
0,0,0.45189170010741986
0,0,0.37975252800569453
0,0,0.03471292291373286
1,0,0.39448025790032354
1,0,0.44362820625836763
1,0,0.31817710301636026
1,1,0.5778300726414783
1,1,0.5349489438029077
0,0,0.1410694085070517
1,0,0.41481364864649994
0,0,0.12749097170714316
1,1,0.9961531319626006
0,1,0.5791086459220668
1,1,0.7277078022601972
1,0,0.43678249787131956
0,0,0.3519704529896834
0,0,0.046332019505483574
1,1,0.7685788089702961
1,1,0.9092119630075665
0,1,0.8308755278820619
0,0,0.17138099800436352
1,0,0.4162010330119899
0,1,0.9509587739865101
0,0,0.07319354813755935
0,0,0.13087963092836485
0,0,0.3602577521730472
0,0,0.006645586287495035
0,0,0.1579808671034934
1,1,0.8221458575487903
0,0,0.2873783764387054
1,1,0.9071170372880566
1,0,0.39858585154439197
1,1,0.5504027729355034
1,1,0.742654978697054
0,0,0.20723025402609827
1,1,0.6713548710383925
1,0,0.4975486569888141
1,1,0.7740328749271707
1,0,0.3628768310932458
1,1,0.7685908800749616
0,0,0.17759812796396088
0,0,0.07421144964269841
1,0,0.45584880734319905
1,1,0.850482812003322
0,0,0.16936523388762573
0,0,0.019958312833478722
1,1,0.7125999852837315
1,1,0.523225369827519
0,0,0.09697542587379589
1,1,0.9118261684293065
1,1,0.7825345079738691
0,0,0.0007231404411624358
1,1,0.8490259833388024
0,0,0.1457944716277481
0,0,0.1235174633639626
0,1,0.5433484527055883
0,0,0.2858256968830823
1,0,0.4345311239624361
0,1,0.535288226503853
1,1,0.9887421622379493
0,0,0.2230972875346807
1,1,0.6229310683589798
0,0,0.21202431914729147
0,0,0.06440214912934605
1,1,0.9917901749512531
1,1,0.8862669293339448
1,0,0.4348814197398727
1,1,0.8314779800925348
1,1,0.9759556107067849
1,1,0.8671175833305673
0,0,0.17904165226638735
1,1,0.9752349853898784
1,0,0.49190483165786447
0,0,0.32660768483025127
0,0,0.11907429126938898
0,0,0.48289512016112085
0,0,0.2155321131638739
0,1,0.6109126398353207
0,0,0.32558206773538245
0,0,0.30724401432725257
0,1,0.5653754569785804
0,0,0.2425193884521224
0,0,0.1983850176561108
0,0,0.174103502978841
1,1,0.8437786389969048
0,0,0.36177785446609434
1,1,0.747473492551913
0,0,0.18724999424851815
1,1,0.8860765579011652
0,0,0.27991952527590913
0,0,0.13223111623026396
0,1,0.6887914807304547
0,0,0.04440765264943457
0,0,0.1597364389539239
1,1,0.9558841583149822
0,0,0.26983937693366256
1,1,0.7744107268822417
0,0,0.21657679909167976
0,0,0.27037350825274314
1,0,0.18808574891473975
0,0,0.13790696765467647
0,1,0.5392368170634304
1,1,0.9364996337712682
0,0,0.06517053436617418
1,1,0.6311414061898688
1,0,0.439658248961069
0,0,0.007518998225802028
1,1,0.9121445346969006
1,1,0.9617411412059873
0,0,0.08763208054775476
0,0,0.4622349049392867
1,1,0.6679665278030419
0,0,0.18917240156762788
0,0,0.24947102407611468
0,0,0.15341727336119812
1,1,0.9146465257574105
1,0,0.22165910546835915
0,0,0.4104145945860571
1,1,0.8510521602841031
1,1,0.6524746687585371
0,0,0.25035825383393917
1,1,0.7823333459815428
1,1,0.9200681259753737
1,0,0.3695847239220972
1,0,0.3415493539234475
0,0,0.09614205947080748
1,1,0.9117596761009429
1,1,0.8195854248497393
1,0,0.43080443560352
1,1,0.5599322337907567
0,1,0.5351336749879638
0,0,0.2883910679212475
1,0,0.17436806021048903
0,0,0.1783402939193492
1,1,0.9902580546790323
0,0,0.04575542074585508
0,0,0.057213352184297774
0,0,0.14809714996172724
0,1,0.7829300163060591
0,0,0.057592779453168166
1,1,0.7464929727102404
0,0,0.14906671235949273
1,0,0.38470027914633537
1,1,0.5266884658045692
1,1,0.9680069121763658
1,0,0.29962488528885367
1,1,0.8934941835568462
0,0,0.16627740692334067
0,0,0.37321208004638445
0,0,0.2139959829270818
0,0,0.06343819378249287
0,0,0.018443284186431725
0,0,0.043912632252418905
0,0,0.16346510481435061
1,0,0.38525098758664494
0,0,0.16423321076400207
1,1,0.6910996041862647
1,1,0.6261498262123305
0,0,0.3581298122562382
1,1,0.7332176370339177
1,1,0.6587318630188126
1,0,0.29992038319357284
0,0,0.14344788945234446
0,0,0.16863241382580235
1,1,0.8846483710643377
0,0,0.04090586724741191
0,0,0.09453175028180179
1,0,0.38574932383008115
1,1,0.9246110920143391
0,0,0.04234080092047486
1,1,0.6569474079854548
0,0,0.1330342175772852
1,1,0.7128524144464398
1,1,0.7443634106422962
1,1,0.9966022286717013
1,1,0.5341491748613677
1,1,0.9539645626442012
1,1,0.8179422519003972
1,1,0.8599605006133691
1,1,0.9488051313551583
1,0,0.3895653526993756
0,0,0.027919226439440527
0,0,0.13691582592117654
1,1,0.8409498970549102
1,0,0.27656495900286787
1,0,0.4778591618447217
0,0,0.041072042508018894
0,0,0.1638073759761357
1,1,0.9961957096107431
0,0,0.02610078649429408
1,1,0.7820967088906086
0,1,0.6741403233487867
1,1,0.9427372361703301
0,1,0.8064138443267487
1,0,0.4695700036913157
1,0,0.1558430613203256
0,0,0.44206498446263137
0,0,0.20703053125962242
0,0,0.439163894893427
1,1,0.5550925545383631
0,0,0.12051360355659545
1,1,0.8741860400551126
0,0,0.2886604763468371
1,1,0.7681332792933928
1,1,0.9696392840294512
0,0,0.12064863258570796
0,0,0.4015582607072126
1,1,0.6294412123722471
0,0,0.40240325861341897
0,0,0.44202431530120356
1,0,0.2750807066702259
1,1,0.8490877388682933
0,1,0.5235216819622004
0,0,0.17059945495584136
0,1,0.5704808672586932
1,0,0.19432222776253658
0,0,0.15583938519326346
1,1,0.9829808642688845
0,0,0.08665369690091997
1,1,0.997783893848818
1,1,0.7653188430538146
1,1,0.6070068663767343
0,0,0.06324353354721152
1,1,0.5828577421455426
0,0,0.13469613621936577
0,0,0.33770995456781605
0,0,0.31899055045323355
1,1,0.7662929322542493
0,1,0.7299094486546035
1,0,0.44233273374492815
1,1,0.5463293209893056
0,0,0.11673316704681562
1,1,0.8969799975531464
0,1,0.5288483132719607
0,0,0.4234056213234875
0,0,0.317049031682766
1,1,0.8233430021976046
1,1,0.9060050597107477
0,0,0.43782521770969285
0,0,0.25156296996422745
1,0,0.2482948875781168
1,1,0.8032314598348151
1,1,0.7535041195399559
0,0,0.42344017502661824
1,0,0.3407145090275697
0,1,0.5981566497817762
1,1,0.9412127885135785
1,1,0.8948143383745804
0,0,0.05764153809105406
1,1,0.682321459069886
1,0,0.49476593758221266
0,0,0.20403436288757093
0,0,0.061185610069995414
0,0,0.21802585304051703
0,0,0.15984638952388897
0,0,0.030215165361434433
1,1,0.5892484369119653
0,0,0.21915739061640424
0,0,0.052166994576048745
0,0,0.27466212752322605
1,1,0.9293537939174726
0,0,0.36005303983777115
0,0,0.21467799397963164
0,0,0.4006020436270594
1,1,0.9737356818932889
0,0,0.04869909070110479
0,0,0.09885799346292587
0,0,0.11182364999583265
1,1,0.9904312604648294
1,0,0.35477845039294553
1,0,0.48442762762655134
0,0,0.252067292831656
0,1,0.8716390105121646
1,0,0.071465533589687
1,0,0.29004452966324135
1,1,0.8591102268427723
0,0,0.12717547445903934
0,0,0.07478760527434195
1,1,0.918850597257894
1,0,0.45220921144698195
1,1,0.9648597431275917
0,0,0.33859191429696084
0,0,0.3636191791939745
0,0,0.1875044231360176
0,0,0.04198921752933072
0,0,0.46356296465840124
0,0,0.36084968223201597
1,1,0.8993185599483001
0,0,0.005940062251403528
1,0,0.45297377941316364
1,1,0.8159296026941627
1,1,0.9346206973126746
0,0,0.07542980050621713
0,0,0.3496008376457816
1,1,0.7066519170148279
0,0,0.1882948344997758
0,1,0.6295791093844119
0,0,0.14571893957320117
0,0,0.10840810086692074
0,0,0.031730612274975804
1,1,0.9788586822159381
1,1,0.643957576369451
0,0,0.06555078660104421
1,1,0.9105547289157457
0,0,0.49795067347487176
0,0,0.2413825649653118
1,0,0.4561862177827965
1,1,0.8133169041111256
0,0,0.26898604543208404
0,0,0.009712454041758677
0,0,0.33299426227566137
1,1,0.7699123454750116
0,0,0.1869504423988021
1,1,0.6451641406589641
1,1,0.9369196658406219
1,1,0.691828580282209
0,0,0.08143529011406186
0,0,0.30025144209876337
0,0,0.10734953077346474
0,0,0.33785393520187174
1,0,0.20938571281118812
1,1,0.9425659911864952
0,0,0.37305055153323474
1,0,0.25638179467261407
0,0,0.4205786253156356
0,0,0.15115550877269276
0,0,0.19136422257835772
0,1,0.652300385349885
0,1,0.8210353019435774
0,0,0.23973327950625778
0,0,0.19991209321210313
1,1,0.5238256202040105
1,0,0.2415821540953186
1,1,0.9423020725391157
1,0,0.11664247327489956
0,0,0.335912063114264
0,0,0.16618234172548976
1,1,0.8401225326005953
0,0,0.2291461804006947
0,0,0.44284283285413834
0,0,0.17606707694425971
0,1,0.5834714416535043
0,0,0.3749302968855455
1,1,0.5229002336527728
1,1,0.6115976062697592
1,1,0.5786064117138154
1,1,0.7141627442363201
1,0,0.29649722024023467
0,0,0.0980322474232655
1,0,0.4333202003138094
1,1,0.9291299443912417
0,0,0.040070047213280495
1,1,0.7342470181959344
0,0,0.30405492491219294
0,0,0.22308231604708634
0,1,0.9924433046120746
1,1,0.9937745933504191
0,0,0.09802621832031835
0,0,0.249730769090632
1,1,0.7366780048337555
1,1,0.7453518037181023
0,0,0.35911382675429193
1,0,0.41385860533850144
0,0,0.04246126947295371
0,0,0.4427072521573019
1,1,0.5673321816191104
1,1,0.6577852774130659
1,1,0.7118567446503037
1,1,0.7591957049224973
1,1,0.9048713947457953
1,1,0.84085685682247
1,1,0.6497788557827807
1,1,0.9601289943034665
0,0,0.3855539504405148
1,1,0.7494288733284865
1,1,0.5343947913271933
0,0,0.3734477093771818
1,1,0.6995854091263969
0,0,0.37869409824397066
0,0,0.21347116512992378
0,1,0.9101240128977051
1,1,0.7948854298879602
1,1,0.6451663842312041
1,1,0.6133872560505095
1,1,0.633501409592026
0,0,0.029758276229517405
1,1,0.8958357866690275
1,0,0.17427808124285865
0,0,0.3688668323336986
0,1,0.6739915166249899
1,1,0.9299302197549464
1,1,0.9981748023657816
0,0,0.392871795428058
1,1,0.9760566369830501
0,0,0.4401945638552035
0,0,0.3295376291141326
0,0,0.269868257145418
0,0,0.0736320956642078
1,0,0.2731679027152547
0,1,0.9253109200517687
1,0,0.4883851086602916
0,0,0.015234237023572794
1,0,0.4552882412903862
0,0,0.16241060671320237
0,0,0.07090372255428913
0,0,0.14075732206189262
0,1,0.8026785182805392
1,1,0.9923993871859763
1,1,0.7136411424554316
1,0,0.3641813841632946
1,1,0.7583337418859537
1,1,0.6425557674657398
1,1,0.7236287498968458
0,0,0.11987289272529589
0,0,0.4859040285111568
0,0,0.06252598410625075
0,0,0.046555350460276014
1,1,0.9736727211375948
0,0,0.2615527515525931
0,1,0.5016753266339105
0,0,0.4124912010247179
0,0,0.15624812717668307
1,1,0.9724948972467305
1,0,0.29193665657959095
0,0,0.27834283910188223
0,1,0.7962937010506315
0,0,0.36304421220015604
1,1,0.7234202501362544
1,1,0.6082546862357509
1,0,0.3575640760090574
1,1,0.6556709154850495
1,1,0.8987950974341818
0,0,0.07574943857498989
0,0,0.03568320245075139
0,0,0.44073727590130923
1,1,0.8834480960762803
0,0,0.16552381286533632
0,0,0.04753606270410015
0,0,0.03534724110653628
0,0,0.33255976022572437
1,0,0.07694077321351643
0,0,0.40655502243515684
1,0,0.4256470101317753
0,1,0.768076405419169
0,0,0.2568047412469348
0,0,0.4073117429298194
1,1,0.5677855691275843
1,1,0.8822624180347822
1,1,0.9999767122996662
1,1,0.7440641077156287
0,0,0.43985227985698366
0,1,0.8363055298671522
1,1,0.9994766644592706
0,0,0.36327675183191255
0,1,0.6125825950355922
0,0,0.07184577405674573
0,0,0.12304068532558274
1,1,0.8238550755925156
1,1,0.6916422431023894
1,0,0.32427241293616765
1,0,0.0638266615790932
0,0,0.07770893368427943
0,1,0.5089698291973294
0,0,0.21767263902405903
0,0,0.2203148809866254
1,1,0.943662036418584
1,1,0.587865290575644
0,0,0.30199541788175954
0,0,0.0021007786298340597
0,0,0.07969943166147861
0,0,0.06608806675969107
1,1,0.603018405194816
0,1,0.6814508178683977
0,0,0.20127328216635318
1,1,0.9976511957275965
0,0,0.43524627194115273
1,1,0.8426535769796036
1,1,0.7631663923767287
0,1,0.6565568248106782
1,0,0.25397900882946933
1,1,0.999800009407423
0,0,0.32972220313116807
1,0,0.3091365675099553
0,0,0.24962521305791122
0,0,0.49724047802511906
1,1,0.9730134893602264
1,1,0.736432037754006
0,0,0.32718331242665705
1,1,0.8970448730573986
0,0,0.11381506674291375
0,0,0.30814953144550467
1,1,0.8599532369964072
0,0,0.2360468138472124
1,0,0.24310136026740528
0,0,0.07232110252169109
1,0,0.3267312652309032
1,1,0.6336151232890735
1,1,0.9645175251369156
0,0,0.23273849627143703
0,0,0.1613446096230046
0,0,0.03702911549673161
0,0,0.34383696986999696
0,0,0.021041884093538594
1,1,0.9346371028642237
1,0,0.2368662941375831
0,0,0.05172614979964962
1,0,0.4924928086358334
1,1,0.7900096099763758
0,0,0.4680721249296891
0,0,0.1408681553720878
1,1,0.5850073575411099
0,1,0.7246389701106899
0,0,0.07989167255071043
0,1,0.8515722252187228
0,0,0.2744772668027822
1,0,0.27678867388692935
0,0,0.056583975083031056
0,0,0.08216432306643032
0,0,0.02475765685725197
0,0,0.1873993404039187
0,0,0.30275072395321523
0,0,0.2254272823963531
0,0,0.009305036715755907
1,0,0.4455489768171693
1,0,0.20940459966011274
1,0,0.4873004358127728
0,1,0.8870071968140874
1,0,0.48405884883483397
1,1,0.7613674320669833
1,1,0.8354943929926469
1,0,0.33804749179809485
1,1,0.7707597333762237
1,0,0.23476041914348247
0,0,0.1588361159115486
0,0,0.30482153177366506
1,1,0.7592273906593744
0,0,0.3883604903676832
0,1,0.7939094668481249
1,1,0.9351242632716409
0,1,0.917801899780263
0,0,0.18224616582385497
0,0,0.11515323850452612
1,0,0.462937730810564
1,1,0.6674666580057214
0,0,0.22823981656371906
0,0,0.08485915871457557
1,0,0.41254916749094733
0,0,0.07818802020064435
0,0,0.13983702998979103
0,0,0.1623828340633945
0,0,0.17472856777506796
0,0,0.06568924939319497
1,1,0.6520406635122121
0,0,0.025150998291458965
0,1,0.5187351405804621
1,1,0.7343981241165498
0,1,0.7381757661925077
1,1,0.6706968082608727
0,0,0.3794710703507363
0,0,0.24408110341547207
0,0,0.05611987491568044
1,1,0.9080034368767769
1,0,0.4913772770916663
0,0,0.13986791145475294
0,0,0.18734135395173815
1,1,0.905689744189321
1,1,0.72290004357309
0,0,0.08032380355279288
0,1,0.9908670338158326
1,1,0.997746346249964
1,1,0.9031220696257111
1,1,0.8698620787782881
0,0,0.12372448762105855
0,0,0.3927204189478012
1,1,0.6238327316254896
1,1,0.7461039422864748
1,1,0.7575507678765925
0,0,0.10445747887046193
0,1,0.7168609515036855
0,1,0.7170588762764704
0,0,0.06327653580646068
0,0,0.20338535708247207
0,0,0.14762744076436285
0,0,0.052977861081224216
0,0,0.04572185144760139
0,0,0.12133558622772189
1,1,0.9441178382889366
0,0,0.4993219672879072
0,0,0.04145708684545517
1,0,0.3614926352530571
0,0,0.2273068887977249
1,1,0.9780305895807077
0,0,0.22467061070420866
1,1,0.9914538002507897
1,1,0.7325217516297248
1,1,0.5860114535517678
1,1,0.9242980189785308
0,1,0.6039550924514412
0,0,0.13121025916477927
1,1,0.7945156873816378
0,0,0.05149139141342016
0,0,0.054988790415482
0,0,0.27347166237153375
0,0,0.2160982438308057
0,1,0.7018708577575795
1,1,0.5043037997768248
0,0,0.11092887714560558
1,1,0.6595327826593054
1,1,0.9923644889918015
1,1,0.5987183579326292
1,1,0.9426713639511677
0,0,0.2063915781096816
1,1,0.6180939629318165
0,1,0.5807375824254067
1,0,0.4843485384450403
1,1,0.6241411683051568
0,0,0.08412064249226832
0,0,0.04293688809541268
0,0,0.07944214163986624
1,0,0.2169049087917006
1,1,0.8681636712873418
1,1,0.9285612666955313
1,1,0.9987440064922246
0,0,0.207471203238483
1,1,0.8138287652116339
0,0,0.4971585210288334
0,0,0.10574287281233574
1,1,0.8949095574048713
1,1,0.9413046411662132
0,1,0.7861504049853443
1,0,0.46551403551978676
1,1,0.5791320632584829
0,0,0.2752052616682003
0,0,0.3679744374780491
0,0,0.3543538693180241
1,1,0.7989850431060304
0,0,0.417484243782498
0,0,0.36837411644293605
1,0,0.22189696121554373
1,1,0.8668422911356756
0,1,0.7020768052475029
1,1,0.7232116738851645
0,1,0.9797725928994745
1,1,0.9999407930855585
1,1,0.961767154897364
0,1,0.7252670913204198
0,0,0.15830348445390574
1,1,0.9885350847865233
1,1,0.8514752228481979
0,1,0.5915567186511891
1,1,0.6347714202175784
0,0,0.22084121297610673
1,1,0.7509085952249654
0,0,0.2599202736639497
1,1,0.7266692029436287
1,0,0.4718855167243059
1,0,0.26598063650366366
1,1,0.6243823670269759
1,0,0.3153265335891615
1,0,0.4518203620809687
0,0,0.48719814581242155
1,1,0.6766475516019403
1,0,0.41804237701735486
1,1,0.9535460831230457
1,1,0.6719700859098501
0,0,0.4721349326800497
0,0,0.019847089541901494
0,0,0.1456476647609583
0,0,0.20530788111557308
1,0,0.34716192834840975
0,1,0.6221811251522472
1,1,0.796157377470293
1,1,0.7950568835060433
1,1,0.8016681018812756
0,0,0.06469829251501409
1,1,0.9127597943509512
0,0,0.04142714805490398
1,1,0.6724797398426872
0,0,0.27270492054116924
1,1,0.7644787200680683
1,1,0.543155023897359
1,1,0.8743932252893962
1,1,0.8951463053784209
0,0,0.1362989540175904
0,0,0.03817479523188918
1,1,0.9227530639551665
1,1,0.644951289484371
1,1,0.8867709835391807
0,1,0.958067599512315
0,0,0.30752584983328174
1,1,0.8198939242432396
0,0,0.04798120162311622
1,1,0.7990942690559805
1,1,0.5974028141244482
1,1,0.9825364200132686
0,1,0.8586952694549015
1,0,0.18623563503973736
1,0,0.30829019537568314
1,0,0.38801014136137263
0,1,0.7850045032663007
0,0,0.05099120786881617
0,1,0.6622082164409143
1,1,0.535378639652657
0,0,0.07703653150907783
0,0,0.4009446383434224
0,0,0.04605361877656641
0,0,0.061530958405125534
1,1,0.9999842150607994
1,1,0.688147152687014
1,1,0.6399856830426839
1,1,0.8828777831227698
1,1,0.8491715747388623
1,1,0.6978182262650868
0,0,0.22585610475973403
0,0,0.4590942952000573
1,0,0.47488898796007545
0,0,0.07841231793455455
1,0,0.43307374910123103
0,1,0.5024372481746889
1,1,0.9959057425983732
0,0,0.3436987958322091
0,0,0.047625884363539046
1,1,0.8907621990634865
0,0,0.19553526604020363
0,0,0.055497386331203276
1,0,0.3594479928568347
1,1,0.7097853418147798
1,0,0.2788805004653469
1,0,0.3200039376244759
1,0,0.40997353210440207
1,1,0.9706896032791138
1,0,0.41300392439490824
1,0,0.4590997908033108
0,0,0.4142705333275287
1,0,0.3692419305388957
0,0,0.07540256407119374
0,0,0.4226503345335953
1,1,0.6171446081462582
0,0,0.04670624886178153
1,1,0.5506278573045125
0,0,0.12042339681558095
0,0,0.06063257742894623
0,1,0.6874806422643294
0,0,0.22478857498632643
1,0,0.3328923062701234
1,0,0.3814538326653318
1,0,0.435023100125446
1,1,0.9888011504993203
0,0,0.26481976425063475
1,1,0.6547783411207111
1,1,0.9935374547854023
1,1,0.7371980396001675
0,0,0.35942065852307126
1,1,0.5165778732556398
0,0,0.4323362963687377
1,1,0.8019891440791526
0,1,0.504309133712917
1,1,0.6754043976520867
1,1,0.8113652805526315
0,0,0.0738561284251095
1,0,0.46073929815260734
1,1,0.7298165009249316
0,0,0.09789191118923246
0,0,0.09412135262666636
0,0,0.09349789883840513
0,0,0.16055458396776284
1,0,0.3260301109338907
0,0,0.24331959862239977
0,0,0.03531356879917955
0,1,0.7070533605940313
0,0,0.1884029279935029
1,1,0.6044608293229292
1,1,0.7164848667177177
1,0,0.29073771781492197
0,1,0.5207999120530735
1,0,0.47623345987957755
1,0,0.4292845489002887
1,1,0.9364305430027844
0,0,0.06281674454264348
0,0,0.2121968564971301
0,0,0.03984430411335348
0,0,0.45227140614628103
0,0,0.09294654171542784
1,0,0.39122872813054466
0,1,0.5159523052012216
0,0,0.15304908113705604
0,0,0.15379352427728873
1,1,0.7496094473812449
0,0,0.16266992025138835
0,0,0.41724328806579025
0,1,0.8091109678942026
0,0,0.2911022209593831
1,0,0.34590878596621194
1,1,0.6547671999999061
0,1,0.702766433125185
0,0,0.057372521731320465
1,1,0.6653440535729539
1,1,0.7734443857121429
0,0,0.048626724231878166
0,1,0.6559509308247895
1,1,0.7000919298121631
1,1,0.9524254443902109
0,0,0.044768550787193676
0,0,0.06261632414405686
1,1,0.6287142397111916
1,1,0.6894682101472411
0,0,0.2577764049011939
1,1,0.9993551658730508
0,1,0.5628530361251015
0,0,0.3848150870815233
0,0,0.4389469427515153
0,1,0.5974203044868666
0,0,0.15081352118214217
1,1,0.50329958463734
0,0,0.41539773426591364
1,1,0.5794202741809897
1,1,0.7773576029611353
0,0,0.4070605916737271
1,1,0.582537062257514
0,0,0.3464897154008901
1,1,0.8322741884829435
1,1,0.873041099256723
1,1,0.957024049635113
1,1,0.7134686550812854
1,1,0.7485232216675964
0,1,0.58395956524865
0,0,0.3014589455242045
1,1,0.8482758884936976
1,1,0.9929301338795111
0,0,0.2902249174643865
0,0,0.04636565072197562
1,0,0.2851837095912281
1,1,0.8393019320802113
0,0,0.10526441147999123
0,0,0.06345831880244852
1,1,0.6504855900106719
1,1,0.590620024484953
0,0,0.1049317640590957
1,1,0.8545534544511948
1,1,0.9702218069031713
0,0,0.47957279768967237
0,0,0.2804658809053458
0,1,0.5755477294598196
1,1,0.8105031149079941
0,0,0.09314650090325222
0,0,0.16055045245584776
0,0,0.35110288767148046
0,0,0.3256168969417757
1,1,0.9459615872784469
1,1,0.6693007302679986
1,1,0.9070295175935141
0,1,0.6269065014844787
0,0,0.1734137161410191
1,1,0.6054340589106887
1,0,0.24083152203112584
1,1,0.7734599983800547
0,0,0.1254991397594482
0,0,0.07410166190540436
1,0,0.23325038375985963
0,0,0.025863025705635676
1,1,0.6038704889047551
0,0,0.3129299898250772
0,0,0.15232058672685028
0,1,0.9978929524759926
1,1,0.9971228390397878
0,0,0.22901659029325613
1,1,0.9368602148572369
0,0,0.4927558946037536
0,0,0.07074873243436576
1,1,0.9498939108739569
1,1,0.7373840036115451
0,1,0.789746907603398
0,0,0.11369167774866795
0,0,0.4847320753549152
0,0,0.2159118604524117
0,0,0.02568135131819371
1,1,0.5913745833775748
1,1,0.6678409496112617
0,0,0.05455185670061655
0,1,0.5270273328143876
0,0,0.23122960250103197
1,1,0.9651581911797369
0,0,0.05667940817858574
0,0,0.13309463773447805
0,0,0.04119935226802922
0,0,0.2626164684144524
1,1,0.9644517927006147
1,1,0.5874746706280386
0,0,0.49709447529635786
0,0,0.1940587227340555
0,0,0.20453510112092926
1,0,0.23957860979216403
1,1,0.9991128368920047
1,0,0.2808185133565839
0,0,0.03129768196462731
1,1,0.92188180758585
1,1,0.8767629594790926
0,0,0.06783794667386803
0,0,0.21924051986260845
1,1,0.6902665779143097
0,0,0.028520811986913246
1,1,0.9777351539330206
1,1,0.8188418054919295
0,1,0.5956917645467175
0,0,0.1272677025027904
0,0,0.19485637631364852
1,1,0.7574954153609075
0,0,0.3900348482972914
1,0,0.1760548196825885
0,0,0.06909085599104511
0,0,0.0034305033782583176
1,1,0.6339580860610741
1,1,0.9999371680905302
1,1,0.742034149029454
0,1,0.8879734642153441
1,1,0.7832453603978496
1,0,0.2980827578761428
0,1,0.6370945506664222
1,1,0.7907014909397687
1,0,0.4409503467485767
1,1,0.6934572433940202
1,1,0.9973278145354332
1,0,0.3448121528441711
0,0,0.31357326713453426
0,0,0.016239478722802396
1,1,0.8284743743675851
1,1,0.8387520038404119
1,1,0.5474356181795285
0,0,0.07906155361643079
1,1,0.6951235496989209
0,0,0.06714872843171049
1,1,0.990511501278608
0,0,0.13674429219795492
0,0,0.19738931061264883
0,0,0.09836710145367167
1,1,0.5579898398972005
1,1,0.9149125889975497
0,0,0.14388892489773655
0,0,0.38373262304676464
1,0,0.1524852500160761
1,1,0.776035349121374
0,0,0.40820543686506583
1,1,0.9509512603343456
0,1,0.6365674020092585
1,1,0.7097627625747479
1,0,0.48731846546508567
1,0,0.43224871306341633
0,0,0.13772170373662757
0,0,0.238918942783601
1,0,0.35584649567387183
0,0,0.13897968617147774
0,0,0.1546543702259885
0,0,0.13739401864687556
0,0,0.20415667335318435
1,1,0.9183885905439483
1,1,0.8414065560129528
1,1,0.7613181624297443
0,0,0.14991609119282215
1,1,0.7611724819017328
1,0,0.3493207592781234
0,0,0.05390296112511161
0,1,0.6143112802744211
0,0,0.43357899499865094
1,0,0.1574558148759469
1,1,0.9386042418274627
0,0,0.050396390134299175
1,1,0.6751481876741127
0,1,0.5052956004142849
0,0,0.38990994990968236
0,1,0.505356244819845
0,1,0.5679799142564718
1,1,0.9782653842794531
0,1,0.9717192825229484
0,0,0.33405387150690685
1,1,0.5431888546748457
1,1,0.8693008242245567
0,1,0.5158747234421811
0,0,0.18403633416398535
1,1,0.8725621492308844
0,0,0.06397554421685647
0,0,0.4265710151290896
1,1,0.5092230410400701
0,0,0.11161471463204312
1,1,0.5629992743132555
1,1,0.886822537222972
1,1,0.9142478803355035
0,0,0.16763315201558224
1,1,0.6104108242963182
1,1,0.8096262923594918
1,1,0.6676048093486219
1,1,0.8861437366651782
1,1,0.8068879825386489
1,1,0.9414828445632495
0,1,0.8784700040114511
1,1,0.6703937130021073
0,0,0.30826529946835696
0,0,0.1797694211887998
1,1,0.6931424534144945
1,1,0.7146408449295025
1,1,0.8408398955356681
0,0,0.08151031546936005
1,1,0.7010329459399798
1,1,0.9886541197241325
0,0,0.295141708289667
1,1,0.5351822969772229
0,0,0.05069813357121886
1,1,0.6327614975825371
1,0,0.15975906806014903
1,1,0.6492001671049638
0,1,0.6401061458444658
0,0,0.41980417925395375
0,0,0.2629483918471228
0,1,0.8980529935275972
0,0,0.012791587985403436
1,1,0.6735204438389858
0,0,0.1183483110928286
0,0,0.23920930921725983
1,1,0.5525713865221558
1,1,0.6907311946440123
0,0,0.3232192483678722
1,0,0.47150045070723207
0,0,0.17325912614651295
0,0,0.4944755322937927
0,0,0.023909758761557428
0,0,0.17711447366984653
1,1,0.6329928207268429
0,0,0.13023581784541105
1,1,0.7044923984037744
0,0,0.4036195307531055
1,1,0.5276759873105632
0,1,0.9078107640989281
1,1,0.9953207539264134
0,0,0.09678085353950025
1,0,0.36107779510258425
1,1,0.8832401961781775
1,1,0.6362652365585378
1,1,0.5383760115569287
0,1,0.7638756026286356
0,1,0.5791466882285412
1,1,0.7185383129051549
1,0,0.27272281709939394
1,1,0.6122861418401865
0,0,0.2336816499745149
1,1,0.8784894075209045
1,1,0.8647089764678056
1,1,0.8094303960685241
1,1,0.7123818424649272
0,0,0.4212974658180413
1,1,0.8438842665843004
1,1,0.8300444977641248
1,1,0.8230053677718697
0,1,0.7978623368853467
0,0,0.2673516046118507
1,0,0.43462858706669466
0,1,0.668181455076274
0,0,0.3479670333713023
1,0,0.33088610573486427
1,1,0.5525379917924776
0,0,0.21195266571390142
1,1,0.7005636268128229
1,1,0.9616792874225107
0,0,0.07942605684921496
0,0,0.23407197761649445
0,0,0.4531857848889657
1,1,0.8444331867526947
0,0,0.23179462597307993
0,0,0.3411814815477473
0,0,0.01276310779966152
1,1,0.7952232755093922
0,0,0.11843994578830144
0,1,0.5102404701579384
0,1,0.7578806569234207
1,1,0.8130256961458585
1,1,0.762663625289216
1,1,0.7812733062430723
0,0,0.31557827203512695
1,0,0.4132038277508719
1,1,0.6297995080761617
0,0,0.11729837617899423
0,0,0.13810155789802822
0,0,0.28067431464735976
0,0,0.09392498832139054
1,1,0.9771734599415534
0,0,0.1561274488548571
0,0,0.3320618317669091
0,1,0.6234117411067004
1,0,0.418407836144233
0,0,0.10401265615540883
1,1,0.7947476691426837
1,1,0.9969472188439552
0,0,0.035643514863153106
0,0,0.287388433361327
0,0,0.12960627576065337
0,0,0.1992081492925616
0,1,0.5433884429882817
0,0,0.08392663783772487
0,0,0.2776142679779577
1,1,0.8851619489603796
0,0,0.3894126263307739
0,0,0.05388797057448639
0,0,0.19202610377220727
0,0,0.3344208723823059
0,0,0.2927730884562736
0,0,0.24342689714992194
0,1,0.5463946016556324
1,0,0.05820787436670913
1,1,0.6457914473006342
1,0,0.48448679924850635
1,0,0.39568884812001776
0,0,0.46449257879248057
1,1,0.8695054398911134
0,1,0.8894215108732293
1,0,0.48038795162689346
0,0,0.06005670949008628
0,0,0.2392854028097285
1,0,0.4573831384117247
0,0,0.16673833326044407
0,0,0.14313795250789493
1,0,0.45771801971164205
0,1,0.6450646535839512
1,1,0.5967858455190067
1,1,0.6411960382927013
0,0,0.07260667810506537
0,0,0.12677657764048073
1,0,0.3766365992712936
0,1,0.5437539130506448
1,1,0.5564121723647135
0,0,0.12465745025076556
0,0,0.08454906174977035
1,1,0.9515162084860043
1,1,0.9327783885325206
1,0,0.47494678961985676
1,1,0.6949532216041734
0,0,0.06988395892443361
1,1,0.5359326393552734
1,1,0.9336197523592501
1,1,0.7599556926818595
1,1,0.6775060531642728
1,1,0.7872923428044052
1,1,0.8464820562704981
0,0,0.11727666878434682
0,0,0.028369475479371596
1,0,0.14169104985563788
1,0,0.32019426084893604
0,0,0.06620047281402326
1,1,0.9983284762218809
0,0,0.277604260109607
1,0,0.26034686680583846
0,0,0.11136991743390182
1,0,0.38189922823106276
1,1,0.7210602956684528
0,0,0.49029915774378663
1,1,0.7253614987466893
1,1,0.8189082236561726
0,0,0.1684332448174217
0,1,0.8369486320552246
1,1,0.9936168748048531
0,0,0.04104024204321585
1,1,0.6819817247314461
1,1,0.7469430931201823
1,1,0.9008583009596564
1,0,0.317872954811649
0,0,0.1920503319917496
1,0,0.27503985858750885
1,1,0.5323288490523997
1,0,0.3937159441943193
0,1,0.5836627517204774
0,0,0.20918779410956484
1,1,0.737184205013203
1,0,0.44899941291314194
1,1,0.8658988556063424
1,0,0.24558362885808477
0,0,0.10700614556409263
1,0,0.4648550832597855
0,0,0.10633748595564067
0,0,0.4858496533277479
0,0,0.25931244046290514
0,0,0.46961016180666043
0,0,0.21133775289425477
0,0,0.05216360041587786
0,0,0.21295948206236603
1,1,0.7163189139679915
0,0,0.08259265558638974
0,0,0.09091889015154969
1,0,0.23614389802791622
0,0,0.08148481507608328
1,0,0.37342445988032236
0,0,0.2276157640453625
1,1,0.77250580696328
0,0,0.04926510041915973
0,0,0.4025275461384069
0,0,0.05895175853388814
0,0,0.30546349491978175
0,0,0.05195720194604231
1,0,0.3727916465210086
0,1,0.7232704230598359
1,1,0.8103795286163555
1,1,0.5642583709323353
1,0,0.20266500244196317
1,1,0.7380518293347135
0,0,0.22783275025077152
0,0,0.028061161754514157
1,1,0.5402535745898329
0,0,0.11493023707639578
1,1,0.8615332188374393
0,0,0.06907477268111793
1,1,0.863178131077905
0,0,0.17973835210225445
0,0,0.13478733932230308
0,0,0.1164854544084912
1,1,0.9631360878061215
0,0,0.029402570266704262
1,0,0.2580964205756873
1,1,0.6134538065744113
1,0,0.03749404216648645
1,0,0.35945214893891136
1,1,0.5793413709766566
0,0,0.1832550651814825
1,1,0.7086901858388942
0,0,0.07475703714178625
0,0,0.4549009594129387
1,1,0.6266123073753758
0,0,0.1799099571747418
1,1,0.9229703537332788
1,1,0.8150806854952326
0,0,0.21097742893804225
0,1,0.5540270580566324
0,0,0.2385332265824255
0,0,0.08739400633102716
0,0,0.4686479013957255
1,1,0.5804222651135144
0,0,0.3989971730316485
1,1,0.5300263409691457
1,1,0.7438614310010165
1,1,0.9140301695379739
1,0,0.38646666231676763
0,0,0.20263341807224192
1,1,0.5657690197859462
0,1,0.6445415459289923
0,1,0.8964385156633065
1,1,0.7594915271371884
1,1,0.6582461824877781
0,0,0.3100221475344797
1,1,0.8993796967098404
1,1,0.6934543806402677
0,0,0.2201083714191191
1,1,0.7022341048218612
1,0,0.45377100582705565
0,0,0.21462375938382258
1,1,0.8808376574190899
0,1,0.6692966236567818
0,0,0.26058200614237337
1,1,0.9958771491172691
1,1,0.961041621597819
0,0,0.38867375203432286
0,0,0.2031225956579495
1,1,0.9642830624989788
0,0,0.04627158443500554
0,0,0.3166193134208695
1,1,0.6709356745031714
0,0,0.09791033095133225
0,0,0.4832852544712805
0,1,0.6606084122229167
1,1,0.7158483026838572
1,1,0.5883453694352072
0,0,0.056077476490480255
1,0,0.33825144609365193
0,0,0.4884923729964298
0,0,0.21201477847516464
1,0,0.4526755256873248
1,0,0.22097687104373756
1,1,0.594175680919438
0,1,0.5873992526214761
0,0,0.26105877040636655
0,1,0.752732504117745
1,1,0.5367891327583338
0,0,0.0246575291571765
0,0,0.21877435969689205
0,1,0.7473902389334494
1,1,0.6945955878008072
0,0,0.13632767220008465
0,0,0.39807729909953643
0,0,0.3398925089461214
1,1,0.6962704679328034
0,0,0.16753041212779535
1,0,0.4710615740598277
0,0,0.19638397642931257
1,1,0.9481137332560942
0,0,0.058332417417473165
1,0,0.1050413376332641
1,0,0.37671443957735695
1,1,0.548530217929609
1,1,0.8133658095065692
1,0,0.13795486954757513
1,1,0.9730479292356998
0,0,0.1248880807422762
0,0,0.1721283465988682
1,1,0.9776557534650454
0,0,0.040521329203867515
0,0,0.14195689902720854
1,1,0.9572801992631189
1,1,0.7553329815803036
1,1,0.7038927411854831
1,1,0.5013340410859032
0,0,0.020692006174287833
0,0,0.21056675354492124
1,1,0.6792673505094837
0,1,0.7060218292340257
0,0,0.35133765016330454
1,1,0.8690324890772393
0,0,0.04184343693799566
1,1,0.5928437752284604
0,0,0.40217457824478486
0,0,0.1582460043384596
1,1,0.8065215717948114
1,1,0.658387684912768
1,1,0.9900728215571041
1,1,0.9658016070822246
1,1,0.5524284310731792
0,0,0.27275854291248236
1,1,0.6325671623999757
1,1,0.7012684113744242
0,0,0.3884614322737544
0,0,0.442444526987921
0,0,0.1961326218050512
0,0,0.05608229431747201
0,0,0.030745554384107907
1,1,0.9768647887125697
1,1,0.6517448646553118
1,0,0.44423455560684444
0,0,0.12899138746013966
1,0,0.12085392547856211
0,0,0.16157915167869216
0,0,0.14124896589663546
1,1,0.7863136918720587
0,0,0.08380900144316068
0,1,0.5633558765592865
0,0,0.2550996878685616
0,0,0.02410793401108534
1,1,0.7912036718970001
0,0,0.09511618471065827
0,0,0.18191797248514932
1,1,0.957155038033505
0,0,0.4629260459126173
0,1,0.710095873240756
1,0,0.4780831061282283
0,0,0.1445863576232659
0,0,0.017537912479880874
0,0,0.24149366123081983
1,1,0.9198925139721748
0,0,0.14518248089021266
0,0,0.0562846810813729
1,1,0.953789780050782
1,1,0.5226405093135812
1,0,0.13134062552520362
1,1,0.6505565508261267
0,0,0.0900274022394623
1,1,0.6785467147603431
0,0,0.2854086059704409
0,0,0.3925507965383827
0,1,0.9448123604283083
0,0,0.017373347948156065
0,0,0.42994161386506446
0,0,0.27369888602616427
1,1,0.982319708736963
1,1,0.6749071742292411
0,0,0.0901103790882381
1,1,0.92439104317974
1,1,0.70370434277006
1,1,0.9731975858716909
0,0,0.05235784437287111
0,0,0.11308986433312639
0,0,0.16017404437597615
1,1,0.7926972766251438
1,0,0.494304102620081
0,0,0.28926280182961644
0,0,0.052853557468709386
0,1,0.6369379157677756
0,0,0.43274691264115756
1,0,0.374188949635467
0,0,0.07717160550519983
1,0,0.32167008443002326
1,1,0.8389701043086656
0,1,0.6406778099380349
0,0,0.3313754458241583
1,0,0.30137028887296163
0,0,0.0477525543808424
0,1,0.6624065004071737
1,1,0.9405236857815236
1,1,0.8334274505598475
0,0,0.049693957990852966
1,1,0.6724311195351493
1,1,0.7907998431422851
1,1,0.960742700990656
1,0,0.2634246932782005
0,0,0.07190029303016078
0,0,0.23826198485615255
1,1,0.9726441397072885
1,1,0.895746778188561
0,0,0.40643098792844423
1,1,0.8779447993244659
1,1,0.7118401903508622
0,0,0.3688615763572657
0,0,0.09845043109574114
0,0,0.08389317823740296
1,1,0.9641367174163837
0,0,0.39530555044855203
0,0,0.09765690313649374
1,0,0.1195793065222289
1,1,0.7192628571038249
1,1,0.9638601691195973
0,0,0.3339366353794909
1,1,0.9332864436843227
1,1,0.6297755671355206
0,0,0.17868975074627771
1,0,0.09940322441591878
0,0,0.22281032063849074
1,1,0.834652022400381
1,1,0.8796155449162394
1,1,0.5845013092486857
0,0,0.14757916336948837
0,0,0.3108361472464984
0,1,0.9515295431273065
0,0,0.25252837803326655
1,1,0.9676177901113108
1,1,0.8574707832715878
1,1,0.9684524332442492
1,0,0.3286542167320593
0,0,0.21486003168906748
0,0,0.06818231978749117
1,0,0.4385313589547166
0,0,0.045739040932411934
0,0,0.33899150107732096
0,0,0.20546411044894275
0,0,0.26890620608971316
1,1,0.5256738751502326
1,1,0.9999999551642369
1,1,0.8045665697510538
1,1,0.784824730980847
0,0,0.4965435155128331
1,1,0.9281278164663803
0,0,0.1043124096141157
1,0,0.3474862634990986
1,0,0.1326358256561487
0,0,0.2739147240636168
1,0,0.3119192191231531
0,0,0.04909758143187987
0,1,0.5056207275979941
1,1,0.8299315460400528
0,0,0.32886247670536856
0,0,0.1287933091236386
0,0,0.2662186370234476
1,0,0.37301949285284247
0,0,0.49061242904688485
1,1,0.5971409178057113
1,0,0.41514108426234037
1,0,0.4218449046412894
1,1,0.7550462654693791
1,1,0.7249358194452425
0,0,0.11173975832760927
0,1,0.747742249152367
0,1,0.6241776068418472
1,1,0.5473399855608659
0,0,0.08041782216199389
0,0,0.4628119122967807
0,0,0.16436099489742131
1,1,0.9734225172671507
0,0,0.22722529657983806
0,0,0.344068985185003
0,0,0.30385228545113563
1,1,0.555831580534753
0,0,0.21047201818580202
1,1,0.8687675640900101
1,1,0.9952704070422693
0,0,0.031973559790382806
1,1,0.8615271641163733
0,0,0.019286069517935087
1,1,0.951522738055754
1,1,0.6956042407930573
0,1,0.7892917043678555
0,0,0.2107468032282938
1,0,0.4958287792974017
1,1,0.7211520911913076
0,0,0.2019626160571186
1,1,0.6132312565406
0,0,0.362829990952716
1,0,0.3762153350300335
1,1,0.8228298742738186
1,1,0.9598340643649197
1,0,0.3097801544721122
1,1,0.6467377325769932
1,0,0.3241982707080422
1,1,0.7652793786185069
1,1,0.5855111486174506
1,1,0.9168063222934871
1,0,0.3927099221542206
1,1,0.5794180751428712
0,1,0.9869817463710723
1,1,0.9503248302109555
0,0,0.1431635785447823
1,1,0.9984549665648806
0,0,0.19736377003894015
1,1,0.6290745164790232
0,1,0.535727898862153
1,1,0.9518418271529215
1,1,0.7766322276367261
1,1,0.9255185302333013
0,0,0.3352327825763929
0,0,0.4630519567562262
1,1,0.8389144459772322
0,0,0.008300550139410088
0,1,0.9841275345616355
0,1,0.5848647805602846
1,0,0.42501933268860975
1,1,0.7570583497852609
0,1,0.6666340008854323
1,1,0.8622524425421894
0,0,0.10879791347572561
0,0,0.38013838274359246
1,1,0.7470764570947046
1,1,0.7435650800385286
0,1,0.6763054394727137
1,1,0.9852210305970114
0,0,0.03242509009423525
0,0,0.293732070455023
0,0,0.1816446020703492
1,1,0.9538956731386226
1,1,0.8923894384127162
1,1,0.9897334691886146
0,0,0.19556183389346507
0,0,0.06737664715079691
1,1,0.6115140820507952
0,0,0.18846938201799956
0,0,0.04346759319002818
0,0,0.08963177235376574
0,0,0.20557164657577323
0,0,0.4513438146358787
0,0,0.10560744348388071
1,1,0.8434008003596566
1,1,0.7445396197556282
1,1,0.9993632825106579
1,1,0.5157125043950984
0,0,0.1510221061083743
1,0,0.49852727252745693
1,1,0.9873171847266097
0,0,0.0524268187623581
0,0,0.04691450303603564
0,0,0.4739599082112866
0,0,0.2624213856420683
1,1,0.9997084849691563
0,0,0.1078979783259817
0,1,0.7428421222356965
1,1,0.8926224526719505
0,0,0.1309737131198908
0,0,0.2484973008070182
0,0,0.198484950769429
0,0,0.1956591304886803
0,0,0.0814119137066489
1,1,0.7689183075476107
1,1,0.5961184214157823
1,1,0.7375686055719127
0,0,0.13870395869834581
1,1,0.6099099030558229
0,0,0.1671880416475587
0,0,0.08974318445149951
1,0,0.32921563560632106
0,0,0.056244210972457145
0,0,0.16589723077830562
1,1,0.8300914320155438
1,1,0.9300475433319815
0,0,0.2083692463970789
0,0,0.10644512661753365
1,1,0.8923535956001708
0,0,0.1383944861227889
0,0,0.18132524645007128
1,1,0.9642042528831184
1,1,0.6990802586233589
1,1,0.9700712230589525
0,0,0.0727857865056913
1,0,0.051099546365876346
0,0,0.23507889270096083
1,1,0.9709058810068348
0,0,0.4886607604247916
1,0,0.43211616748934034
1,1,0.910858397051042
0,0,0.053863650897556944
0,0,0.08700983436663838
1,1,0.9779120058349076
0,0,0.12123646760941274
1,0,0.4613224083469528
0,0,0.10851658875304188
0,0,0.14958328410655647
1,1,0.9989492101050336
1,0,0.22570667262539015
0,0,0.09519773134208119
0,0,0.07916979144339399
1,1,0.725959383564443
1,1,0.6526334324556592
0,1,0.9294149980745243
0,0,0.15339223334189653
1,1,0.8855144214298695
0,1,0.7506343133297273
0,0,0.2557285242391086
1,1,0.8670897816211524
0,0,0.057798942263764065
0,0,0.05317041847444778
0,0,0.243596072491426
1,0,0.4842262581344659
1,1,0.8359102190874739
1,1,0.934272509846888
0,0,0.24710875880673924
1,0,0.4493403657721081
1,1,0.5600376332413817
0,0,0.3388315185192085
0,1,0.585099243251563
1,1,0.8140423776148492
1,0,0.34395166889900025
1,1,0.5488385419955012
1,1,0.7387374597712121
0,0,0.29873262279704804
0,0,0.23358937752699876
1,0,0.18533301404134492
0,0,0.09506392911094706
1,1,0.618792570574049
1,1,0.7666047611401177
1,1,0.8040317108013654
1,0,0.48828940560683537
0,0,0.2443246625832965
0,0,0.29552546022594056
1,0,0.47196263015696316
0,0,0.0904503004751964
0,0,0.026409384802179445
1,1,0.6237719861302081
0,0,0.3046680180373881
0,0,0.06933002932928206
0,0,0.1413733372927763
0,0,0.09802396962411969
0,0,0.01884448006364622
0,1,0.948977834081537
1,1,0.7445619537598355
0,0,0.24025365811428978
1,1,0.6069670419269166
1,1,0.9957700610446423
0,0,0.17695963042611246
1,1,0.614299618826799
1,1,0.6674918283233628
0,1,0.769153350280294
0,1,0.719588872146907
0,0,0.08354788387783559
0,0,0.14092092913249069
1,1,0.6659416397696264
0,0,0.3830920324380079
0,0,0.1855119454156227
0,0,0.04464568010363444
1,1,0.5512287112064904
1,1,0.7867226040292892
1,1,0.8538550760858015
1,1,0.978327337040196
1,1,0.9736029972704614
0,0,0.27970121632149986
1,1,0.7172401931884348
0,0,0.47790204550504206
1,1,0.848185905664709
0,0,0.19890638775368788
0,0,0.30798204071074764
1,0,0.15640745386988025
1,1,0.958545074056698
1,0,0.24995633117231428
0,1,0.6245513752568536
0,0,0.29130095560823294
1,1,0.6437143532666348
1,1,0.9272845873137379
0,1,0.7613390142729267
1,1,0.502484818031859
0,0,0.41795757453077054
0,0,0.36275049429705497
0,0,0.38290546998726005
1,0,0.15857639371378074
1,1,0.8568395150572984
1,1,0.6320791975645932
0,0,0.21529832975613417
0,0,0.038988530432348144
1,1,0.8144782439411151
1,0,0.48554858207176577
0,0,0.06789079157973583
1,1,0.7028919875459209
0,0,0.16616008203663646
1,1,0.9062271309366334
0,0,0.0870535452782097
1,1,0.7276982423713421
0,0,0.4773574663486753
0,0,0.1763926483280905
0,0,0.10854036937401185
0,1,0.8812104252522014
1,1,0.7151495687993918
0,0,0.01545808936561778
0,1,0.6223973810720007
0,1,0.5054845035377773
0,0,0.10112087128642308
1,1,0.8302013310549314
1,1,0.7729518422420222
1,1,0.5400039469085791
1,1,0.7858830517208617
1,1,0.9215936029107301
0,0,0.1188325160407362
1,1,0.7505665937934128
1,1,0.6255531525557638
1,0,0.4203053829077611
1,1,0.6821834486943695
0,1,0.574665383045582
0,1,0.78542375073554
0,0,0.10518509135381478
1,1,0.6131822432742077
0,0,0.16952898417232065
0,1,0.9625456660904224
1,1,0.9441300679709552
0,0,0.41272028375560377
0,0,0.16466953106464668
0,0,0.12529603376984538
1,1,0.9764124018487582
1,1,0.6513440224462631
0,0,0.08082883549371579
0,0,0.03870718805112924
0,0,0.09069748926815349
0,0,0.38917638390817993
1,0,0.07443306752884245
0,0,0.4154207016184268
1,1,0.6898787481317196
0,0,0.21706792200060201
0,0,0.3997387929897687
1,0,0.2542767196058026
0,0,0.2197349612266771
0,0,0.4708315103058958
1,1,0.7499455014926182
0,0,0.3342186081538868
1,1,0.5369092507138578
1,1,0.9398437243337181
0,0,0.1969113409942666
1,1,0.5369459141080901
0,0,0.18788055624928698
0,0,0.041793226374434236
1,1,0.5165452234341826
1,1,0.5800106942852523
0,0,0.08009442254600975
1,1,0.9762352254302669
1,0,0.4971021636622012
0,1,0.8102202939090647
1,1,0.9999981950959743
1,0,0.48774523047399354
0,0,0.14862241255115724
0,0,0.1596050759796567
1,1,0.8900434246353256
0,0,0.488289686034231
1,1,0.9871360559815148
0,1,0.5003465790686294
0,0,0.08168407923940173
1,1,0.9759611135522555
1,1,0.9006603484986654
1,1,0.6846498325120564
0,1,0.8392170540142192
0,0,0.3985767589577154
1,1,0.9865503937956017
0,0,0.296429201872951
1,1,0.6952514579509766
1,1,0.5634895053747336
0,0,0.4902280625233464
1,0,0.2124022022236352
1,1,0.9312192575320078
0,0,0.13270956660994354
0,0,0.3904069415440016
1,1,0.6620550830015933
1,1,0.891480262101056
0,1,0.785404574582452
1,0,0.4786084287849906
0,0,0.2520870635465769
1,1,0.7470573650518482
0,0,0.0392907086505253
1,0,0.3544944231918232
0,0,0.1070257410354197
0,0,0.3715500162447218
1,0,0.25124538511185857
0,0,0.4095955690079498
0,0,0.23710576661047172
1,1,0.6044384216707205
1,1,0.7689656260231568
0,0,0.0874785144614594
1,1,0.9903409268888699
0,1,0.5080177407305301
0,0,0.17622594515276507
1,1,0.8412938702454611
0,0,0.40910890252477533
1,1,0.8234012758489386
0,0,0.373313240421832
0,0,0.4449984908974028
0,0,0.01629539661612531
0,1,0.5613178089540751
1,1,0.6329209904707617
0,0,0.3106090393238669
1,1,0.7704933206329913
1,1,0.7989339866610369
0,0,0.13629708418284955
1,1,0.6651129839257427
0,0,0.3663679258233628
0,0,0.4262409615096828
1,0,0.3473159464176929
0,0,0.3744436979437535
0,0,0.16014745865938643
1,1,0.9272629893182305
0,0,0.20746568713299704
0,0,0.05297852130492461
1,1,0.875704611571513
0,0,0.16877174702347278
1,1,0.9407648902688883
0,0,0.26651351361472675
0,0,0.015212396735086847
1,1,0.8508824986218583
0,0,0.2996236726304059
0,0,0.384034748088749
0,0,0.15765189757129838
1,1,0.9141310054206039
0,0,0.056988813521296804
1,1,0.9996052731050047
1,1,0.9440129626845165
0,0,0.19272653384394703
0,0,0.4701085934419351
0,0,0.2125030160242157
1,0,0.4147829275953067
1,1,0.9341291849905387
1,0,0.17410338898928682
0,0,0.2822120219836363
1,1,0.5108942706443456
1,1,0.7824813626817909
0,0,0.24837153331532957
0,0,0.032474309377026646
0,0,0.3741930261261408
0,0,0.43439377862148126
0,1,0.6099651335692097
1,0,0.4246604962769053
1,1,0.7076596250741363
1,0,0.3786297996150693
1,0,0.4826212580481312
1,1,0.9722971902386911
1,0,0.40015127862358446
0,0,0.06870710002933196
0,0,0.06572973406053821
0,0,0.0816379462829408
1,1,0.5543229800548187
0,0,0.1472179542804789
1,0,0.22932905200440826
1,0,0.21010058940352097
0,1,0.6702659386716459
0,1,0.7086279529340832
1,1,0.7333065344315414
1,1,0.6585791631162048
0,0,0.05019630428872631
0,0,0.0333579168712683
0,0,0.16088329168619306
0,0,0.4055146661611717
0,1,0.5925278049952576
1,1,0.5549701208380342
1,1,0.7364589158141839
0,0,0.4864474668148892
0,0,0.30082759468523274
1,0,0.48545803370661006
0,0,0.18598003180785605
0,0,0.1918401332789497
1,1,0.8230766625908491
0,0,0.07501051872808459
0,0,0.024457648209944203
0,1,0.6593454522161774
0,0,0.14820355597405116
0,0,0.02467272131536348
0,0,0.021937462400625433
0,0,0.13304074316130407
1,1,0.9283059533392511
0,0,0.21273608721835574
0,0,0.3383683464525074
0,0,0.036445071497732774
0,0,0.21839642759245217
0,0,0.3244618595227807
0,0,0.2598040483498725
0,0,0.2579696077119492
0,0,0.03568226653310089
0,0,0.16153466193226232
1,0,0.2984507732758836
0,0,0.148474608826856
0,0,0.23424875554274882
1,0,0.28642137150761543
0,0,0.2790130808909599
0,0,0.11177852953190158
1,1,0.5927186797665244
1,1,0.9612618100419663
1,0,0.4877326127693809
0,0,0.26404638089584637
1,1,0.5823794054957697
0,0,0.07390768353465683
0,1,0.5496998745219639
0,0,0.2837450347274779
0,0,0.30380080721859304
0,1,0.6066341950951215
0,0,0.14047860147209526
0,0,0.09358328761203184
1,0,0.3556714579841729
1,1,0.7352737246697941
0,1,0.5370590917012041
1,1,0.9394139228585376
1,1,0.5962416591500168
1,1,0.8250513198015891
1,1,0.9950258364301352
0,0,0.12419003605797449
1,1,0.5393879652093517
1,1,0.6550319905608585
1,1,0.7482657801908531
0,0,0.2182638168752395
1,1,0.6951276065033603
1,1,0.6663917670883625
0,0,0.19946781926069834
0,0,0.47777938910816686
1,0,0.4707863315848355
0,1,0.8621352208268525
1,1,0.854514117025617
1,1,0.8847345774647184
0,0,0.4922903808546775
1,1,0.9131315430131174
1,1,0.5671989111436906
0,1,0.6433911255618096
0,0,0.030829107691736843
0,0,0.20520650585960912
1,1,0.9028203238426987
1,1,0.7725669881239126
1,1,0.6084293384799518
1,1,0.9706210569706037
0,0,0.104858979284485
1,0,0.43398691178519944
1,1,0.7334318248160696
0,0,0.07024288097899868
1,0,0.4691015375761532
0,1,0.7226230620211483
0,0,0.20127438601355005
1,1,0.9831026257813469
0,0,0.11811165815625645
1,1,0.8811711737543683
1,0,0.28240703009329643
0,0,0.12620308086504983
0,0,0.07294190141247014
1,1,0.5640003637499004
0,0,0.30756218277488606
1,1,0.884416577126571
0,0,0.34479333796506356
0,1,0.8837961070588086
1,1,0.6918136778790824
0,0,0.014410601614307957
0,0,0.27339372074332696
1,1,0.557633930879274
0,0,0.1983204833341786
1,0,0.314237389933547
0,0,0.1576417732613798
0,1,0.9998638861638302
0,0,0.35594878363227755
0,0,0.45827915706653394
0,0,0.10605910765128033
1,1,0.6651672440723884
1,0,0.11024979878730387
0,1,0.5720683560569316
0,0,0.023264816325457283
0,0,0.2265300289154435
0,0,0.21891626160411345
1,1,0.8417226076290867
0,1,0.9897611483067806
0,0,0.1482133207855981
0,0,0.16064250176790237
0,0,0.11259743114753738
1,0,0.4981396409177104
1,1,0.8655822568690988
0,1,0.5839481094949435
1,1,0.5379222629487675
1,1,0.9482003090337106
0,0,0.15890160769023579
0,1,0.9208798508662898
1,0,0.32579893879513994
0,1,0.657606249592931
0,0,0.49010569684703265
0,0,0.1945341171253317
1,0,0.20438374315202062
0,0,0.16334731034811997
0,0,0.25230111615069883
1,1,0.5836859337509308
0,0,0.0707246736513686
0,0,0.10230882980323938
1,1,0.9895193211506101
1,1,0.6671634293190476
0,0,0.014254802969750045
0,0,0.09336802315463395
1,1,0.5711973707542494
1,1,0.8799013225711332
1,0,0.4068066994525694
0,0,0.2249505373675486
0,0,0.24844439812795024
0,0,0.052908652716456714
0,0,0.08481105800220615
1,0,0.36070892791807174
1,1,0.5988448950720568
1,1,0.7230922155014443
0,0,0.12486693484433863
0,1,0.5063342913220257
0,1,0.5508096764925473
1,1,0.5809935526869697
1,1,0.7618507653079888
1,1,0.8275127724134048
1,1,0.8545905479670006
